ticker,metric,fiscal_year,cik,period_start,period_end,status,value,tag,accession,filed,frame,first_value,first_filed,n_versions,restated,note
COST,cost_of_sales,2015,909832,2014-09-01,2015-08-30,ok,101065000000.0,CostOfGoodsSold,0000909832-17-000014,2017-10-18,CY2015,101065000000.0,2015-10-14,3.0,False,
COST,cost_of_sales,2016,909832,2015-08-31,2016-08-28,ok,102901000000.0,CostOfGoodsAndServicesSold,0000909832-18-000013,2018-10-26,CY2016,102901000000.0,2018-10-26,1.0,False,
COST,cost_of_sales,2017,909832,2016-08-29,2017-09-03,ok,111882000000.0,CostOfGoodsAndServicesSold,0000909832-18-000013,2018-10-26,,111882000000.0,2018-10-26,1.0,False,
COST,cost_of_sales,2018,909832,2017-09-04,2018-09-02,ok,123152000000.0,CostOfGoodsAndServicesSold,0000909832-20-000017,2020-10-07,CY2018,123152000000.0,2018-10-26,2.0,False,
COST,cost_of_sales,2019,909832,2018-09-03,2019-09-01,ok,132886000000.0,CostOfGoodsAndServicesSold,0000909832-21-000014,2021-10-06,CY2019,132886000000.0,2020-10-07,2.0,False,
COST,cost_of_sales,2020,909832,2019-09-02,2020-08-30,ok,144939000000.0,CostOfGoodsAndServicesSold,0000909832-22-000021,2022-10-05,CY2020,144939000000.0,2020-10-07,3.0,False,
COST,cost_of_sales,2021,909832,2020-08-31,2021-08-29,ok,170684000000.0,CostOfGoodsAndServicesSold,0000909832-23-000042,2023-10-11,CY2021,170684000000.0,2021-10-06,3.0,False,
COST,cost_of_sales,2022,909832,2021-08-30,2022-08-28,ok,199382000000.0,CostOfGoodsAndServicesSold,0000909832-24-000049,2024-10-09,CY2022,199382000000.0,2022-10-05,3.0,False,
COST,cost_of_sales,2023,909832,2022-08-29,2023-09-03,ok,212586000000.0,CostOfGoodsAndServicesSold,0000909832-25-000101,2025-10-08,CY2023,212586000000.0,2023-10-11,3.0,False,
COST,cost_of_sales,2024,909832,2023-09-04,2024-09-01,ok,222358000000.0,CostOfGoodsAndServicesSold,0000909832-25-000101,2025-10-08,CY2024,222358000000.0,2024-10-09,2.0,False,
COST,cost_of_sales,2025,909832,2024-09-02,2025-08-31,ok,239886000000.0,CostOfGoodsAndServicesSold,0000909832-25-000101,2025-10-08,CY2025,239886000000.0,2025-10-08,1.0,False,
COST,current_assets,2015,909832,,2015-08-30,ok,16779000000.0,AssetsCurrent,0000909832-16-000032,2016-10-12,CY2015Q3I,17299000000.0,2015-10-14,2.0,True,
COST,current_assets,2016,909832,,2016-08-28,ok,15218000000.0,AssetsCurrent,0000909832-17-000014,2017-10-18,CY2016Q3I,15218000000.0,2016-10-12,2.0,False,
COST,current_assets,2017,909832,,2017-09-03,ok,17317000000.0,AssetsCurrent,0000909832-18-000013,2018-10-26,CY2017Q3I,17317000000.0,2017-10-18,2.0,False,
COST,current_assets,2018,909832,,2018-09-02,ok,20289000000.0,AssetsCurrent,0000909832-18-000013,2018-10-26,,20289000000.0,2018-10-26,1.0,False,
COST,current_assets,2019,909832,,2019-09-01,ok,23485000000.0,AssetsCurrent,0000909832-20-000017,2020-10-07,CY2019Q3I,23485000000.0,2020-10-07,1.0,False,
COST,current_assets,2020,909832,,2020-08-30,ok,28120000000.0,AssetsCurrent,0000909832-21-000014,2021-10-06,CY2020Q3I,28120000000.0,2020-10-07,2.0,False,
COST,current_assets,2021,909832,,2021-08-29,ok,29505000000.0,AssetsCurrent,0000909832-22-000021,2022-10-05,CY2021Q3I,29505000000.0,2021-10-06,2.0,False,
COST,current_assets,2022,909832,,2022-08-28,ok,32696000000.0,AssetsCurrent,0000909832-23-000042,2023-10-11,CY2022Q3I,32696000000.0,2022-10-05,2.0,False,
COST,current_assets,2023,909832,,2023-09-03,ok,35879000000.0,AssetsCurrent,0000909832-24-000049,2024-10-09,CY2023Q3I,35879000000.0,2023-10-11,2.0,False,
COST,current_assets,2024,909832,,2024-09-01,ok,34246000000.0,AssetsCurrent,0000909832-25-000101,2025-10-08,CY2024Q3I,34246000000.0,2024-10-09,2.0,False,
COST,current_assets,2025,909832,,2025-08-31,ok,38380000000.0,AssetsCurrent,0000909832-25-000101,2025-10-08,,38380000000.0,2025-10-08,1.0,False,
COST,current_liabilities,2015,909832,,2015-08-30,ok,16539000000.0,LiabilitiesCurrent,0000909832-16-000032,2016-10-12,CY2015Q3I,16540000000.0,2015-10-14,2.0,True,
COST,current_liabilities,2016,909832,,2016-08-28,ok,15575000000.0,LiabilitiesCurrent,0000909832-17-000014,2017-10-18,CY2016Q3I,15575000000.0,2016-10-12,2.0,False,
COST,current_liabilities,2017,909832,,2017-09-03,ok,17495000000.0,LiabilitiesCurrent,0000909832-18-000013,2018-10-26,CY2017Q3I,17495000000.0,2017-10-18,2.0,False,
COST,current_liabilities,2018,909832,,2018-09-02,ok,19926000000.0,LiabilitiesCurrent,0000909832-18-000013,2018-10-26,,19926000000.0,2018-10-26,1.0,False,
COST,current_liabilities,2019,909832,,2019-09-01,ok,23237000000.0,LiabilitiesCurrent,0000909832-20-000017,2020-10-07,CY2019Q3I,23237000000.0,2020-10-07,1.0,False,
COST,current_liabilities,2020,909832,,2020-08-30,ok,24844000000.0,LiabilitiesCurrent,0000909832-21-000014,2021-10-06,CY2020Q3I,24844000000.0,2020-10-07,2.0,False,
COST,current_liabilities,2021,909832,,2021-08-29,ok,29441000000.0,LiabilitiesCurrent,0000909832-22-000021,2022-10-05,CY2021Q3I,29441000000.0,2021-10-06,2.0,False,
COST,current_liabilities,2022,909832,,2022-08-28,ok,31998000000.0,LiabilitiesCurrent,0000909832-23-000042,2023-10-11,CY2022Q3I,31998000000.0,2022-10-05,2.0,False,
COST,current_liabilities,2023,909832,,2023-09-03,ok,33583000000.0,LiabilitiesCurrent,0000909832-24-000049,2024-10-09,CY2023Q3I,33583000000.0,2023-10-11,2.0,False,
COST,current_liabilities,2024,909832,,2024-09-01,ok,35464000000.0,LiabilitiesCurrent,0000909832-25-000101,2025-10-08,CY2024Q3I,35464000000.0,2024-10-09,2.0,False,
COST,current_liabilities,2025,909832,,2025-08-31,ok,37108000000.0,LiabilitiesCurrent,0000909832-25-000101,2025-10-08,,37108000000.0,2025-10-08,1.0,False,
COST,equity_parent_only,2015,909832,,2015-08-30,ok,10617000000.0,StockholdersEquity,0000909832-16-000032,2016-10-12,CY2015Q3I,10617000000.0,2015-10-14,2.0,False,
COST,equity_parent_only,2016,909832,,2016-08-28,ok,12079000000.0,StockholdersEquity,0000909832-17-000014,2017-10-18,CY2016Q3I,12079000000.0,2016-10-12,2.0,False,
COST,equity_parent_only,2017,909832,,2017-09-03,ok,10778000000.0,StockholdersEquity,0000909832-18-000013,2018-10-26,CY2017Q3I,10778000000.0,2017-10-18,2.0,False,
COST,equity_parent_only,2018,909832,,2018-09-02,ok,12799000000.0,StockholdersEquity,0000909832-18-000013,2018-10-26,,12799000000.0,2018-10-26,1.0,False,
COST,equity_parent_only,2019,909832,,2019-09-01,ok,15243000000.0,StockholdersEquity,0000909832-20-000017,2020-10-07,CY2019Q3I,15243000000.0,2020-10-07,1.0,False,
COST,equity_parent_only,2020,909832,,2020-08-30,ok,18284000000.0,StockholdersEquity,0000909832-21-000014,2021-10-06,CY2020Q3I,18284000000.0,2020-10-07,2.0,False,
COST,equity_parent_only,2021,909832,,2021-08-29,ok,17564000000.0,StockholdersEquity,0000909832-22-000021,2022-10-05,CY2021Q3I,17564000000.0,2021-10-06,2.0,False,
COST,equity_parent_only,2022,909832,,2022-08-28,ok,20642000000.0,StockholdersEquity,0000909832-23-000042,2023-10-11,CY2022Q3I,20642000000.0,2022-10-05,2.0,False,
COST,equity_parent_only,2023,909832,,2023-09-03,ok,25058000000.0,StockholdersEquity,0000909832-24-000049,2024-10-09,,25058000000.0,2023-10-11,2.0,False,
COST,equity_parent_only,2024,909832,,2024-09-01,ok,23622000000.0,StockholdersEquity,0000909832-25-000101,2025-10-08,,23622000000.0,2024-10-09,2.0,False,
COST,equity_parent_only,2025,909832,,2025-08-31,ok,29164000000.0,StockholdersEquity,0000909832-25-000101,2025-10-08,,29164000000.0,2025-10-08,1.0,False,
COST,finance_lease_current,2015,909832,,2015-08-30,ok,10000000.0,CapitalLeaseObligationsCurrent,0000909832-15-000014,2015-10-14,CY2015Q3I,10000000.0,2015-10-14,1.0,False,
COST,finance_lease_current,2016,909832,,2016-08-28,ok,10000000.0,CapitalLeaseObligationsCurrent,0000909832-16-000032,2016-10-12,CY2016Q3I,10000000.0,2016-10-12,1.0,False,
COST,finance_lease_current,2017,909832,,2017-09-03,ok,7000000.0,CapitalLeaseObligationsCurrent,0000909832-17-000014,2017-10-18,CY2017Q3I,7000000.0,2017-10-18,1.0,False,
COST,finance_lease_current,2018,909832,,2018-09-02,ok,7000000.0,CapitalLeaseObligationsCurrent,0000909832-18-000013,2018-10-26,CY2018Q3I,7000000.0,2018-10-26,1.0,False,
COST,finance_lease_current,2019,909832,,2019-09-01,instance,26000000.0,CapitalLeaseObligationsCurrent,0000909832-19-000019,2019-10-11,,,,,,"Tagged in the FY2019 10-K XBRL instance (cost-20190901.xml, context FI2019Q4) but absent from the companyfacts API; ASC 840 capital lease, pre-842 adoption."
COST,finance_lease_current,2020,909832,,2020-08-30,ok,31000000.0,FinanceLeaseLiabilityCurrent,0000909832-20-000017,2020-10-07,CY2020Q3I,31000000.0,2020-10-07,1.0,False,
COST,finance_lease_current,2021,909832,,2021-08-29,not tagged,,,,,,,,,,
COST,finance_lease_current,2022,909832,,2022-08-28,not tagged,,,,,,,,,,
COST,finance_lease_current,2023,909832,,2023-09-03,not tagged,,,,,,,,,,
COST,finance_lease_current,2024,909832,,2024-09-01,ok,147000000.0,FinanceLeaseLiabilityCurrent,0000909832-25-000101,2025-10-08,CY2024Q3I,147000000.0,2025-10-08,1.0,False,
COST,finance_lease_current,2025,909832,,2025-08-31,ok,78000000.0,FinanceLeaseLiabilityCurrent,0000909832-25-000101,2025-10-08,CY2025Q3I,78000000.0,2025-10-08,1.0,False,
COST,finance_lease_noncurrent,2015,909832,,2015-08-30,ok,286000000.0,CapitalLeaseObligationsNoncurrent,0000909832-15-000014,2015-10-14,CY2015Q3I,286000000.0,2015-10-14,1.0,False,
COST,finance_lease_noncurrent,2016,909832,,2016-08-28,ok,364000000.0,CapitalLeaseObligationsNoncurrent,0000909832-16-000032,2016-10-12,CY2016Q3I,364000000.0,2016-10-12,1.0,False,
COST,finance_lease_noncurrent,2017,909832,,2017-09-03,ok,373000000.0,CapitalLeaseObligationsNoncurrent,0000909832-17-000014,2017-10-18,CY2017Q3I,373000000.0,2017-10-18,1.0,False,
COST,finance_lease_noncurrent,2018,909832,,2018-09-02,ok,390000000.0,CapitalLeaseObligationsNoncurrent,0000909832-18-000013,2018-10-26,CY2018Q3I,390000000.0,2018-10-26,1.0,False,
COST,finance_lease_noncurrent,2019,909832,,2019-09-01,instance,395000000.0,CapitalLeaseObligationsNoncurrent,0000909832-19-000019,2019-10-11,,,,,,"Tagged in the FY2019 10-K XBRL instance (cost-20190901.xml, context FI2019Q4) but absent from the companyfacts API; ties to CapitalLeasesFutureMinimumPaymentsPresentValueOfNetMinimumPayments 421M."
COST,finance_lease_noncurrent,2020,909832,,2020-08-30,ok,657000000.0,FinanceLeaseLiabilityNoncurrent,0000909832-20-000017,2020-10-07,CY2020Q3I,657000000.0,2020-10-07,1.0,False,
COST,finance_lease_noncurrent,2021,909832,,2021-08-29,not tagged,,,,,,,,,,
COST,finance_lease_noncurrent,2022,909832,,2022-08-28,not tagged,,,,,,,,,,
COST,finance_lease_noncurrent,2023,909832,,2023-09-03,not tagged,,,,,,,,,,
COST,finance_lease_noncurrent,2024,909832,,2024-09-01,ok,1351000000.0,FinanceLeaseLiabilityNoncurrent,0000909832-25-000101,2025-10-08,CY2024Q3I,1351000000.0,2025-10-08,1.0,False,
COST,finance_lease_noncurrent,2025,909832,,2025-08-31,ok,1401000000.0,FinanceLeaseLiabilityNoncurrent,0000909832-25-000101,2025-10-08,CY2025Q3I,1401000000.0,2025-10-08,1.0,False,
COST,finance_lease_total,2015,909832,,2015-08-30,not tagged,,,,,,,,,,
COST,finance_lease_total,2016,909832,,2016-08-28,not tagged,,,,,,,,,,
COST,finance_lease_total,2017,909832,,2017-09-03,not tagged,,,,,,,,,,
COST,finance_lease_total,2018,909832,,2018-09-02,not tagged,,,,,,,,,,
COST,finance_lease_total,2019,909832,,2019-09-01,not tagged,,,,,,,,,,
COST,finance_lease_total,2020,909832,,2020-08-30,ok,688000000.0,FinanceLeaseLiability,0000909832-20-000017,2020-10-07,CY2020Q3I,688000000.0,2020-10-07,1.0,False,
COST,finance_lease_total,2021,909832,,2021-08-29,ok,1052000000.0,FinanceLeaseLiability,0000909832-21-000014,2021-10-06,CY2021Q3I,1052000000.0,2021-10-06,1.0,False,
COST,finance_lease_total,2022,909832,,2022-08-28,derived,1628000000.0,FinanceLeaseLiabilityPaymentsDue - FinanceLeaseLiabilityUndiscountedExcessAmount,0000909832-22-000021,2022-10-05,,,,,,"Finance lease liability not tagged as a balance; derived as undiscounted payments less imputed interest (both us-gaap tagged, Leases note). Costco carries finance leases inside other current / other long-term liabilities."
COST,finance_lease_total,2023,909832,,2023-09-03,derived,1432000000.0,FinanceLeaseLiabilityPaymentsDue - FinanceLeaseLiabilityUndiscountedExcessAmount,0000909832-23-000042,2023-10-11,,,,,,Same derivation as FY2022; ties to cost:OperatingLeaseandFinanceLeaseLiabilities 4078M less OperatingLeaseLiability 2646M = 1432M in the same filing.
COST,finance_lease_total,2024,909832,,2024-09-01,not tagged,,,,,,,,,,
COST,finance_lease_total,2025,909832,,2025-08-31,ok,1479000000.0,FinanceLeaseLiability,0000909832-25-000101,2025-10-08,CY2025Q3I,1479000000.0,2025-10-08,1.0,False,
COST,inventory,2015,909832,,2015-08-30,ok,8908000000.0,InventoryNet,0000909832-16-000032,2016-10-12,CY2015Q3I,8908000000.0,2015-10-14,2.0,False,
COST,inventory,2016,909832,,2016-08-28,ok,8969000000.0,InventoryNet,0000909832-17-000014,2017-10-18,CY2016Q3I,8969000000.0,2016-10-12,2.0,False,
COST,inventory,2017,909832,,2017-09-03,ok,9834000000.0,InventoryNet,0000909832-18-000013,2018-10-26,CY2017Q3I,9834000000.0,2017-10-18,2.0,False,
COST,inventory,2018,909832,,2018-09-02,ok,11040000000.0,InventoryNet,0000909832-18-000013,2018-10-26,,11040000000.0,2018-10-26,1.0,False,
COST,inventory,2019,909832,,2019-09-01,ok,11395000000.0,InventoryNet,0000909832-20-000017,2020-10-07,CY2019Q3I,11395000000.0,2020-10-07,1.0,False,
COST,inventory,2020,909832,,2020-08-30,ok,12242000000.0,InventoryNet,0000909832-21-000014,2021-10-06,CY2020Q3I,12242000000.0,2020-10-07,2.0,False,
COST,inventory,2021,909832,,2021-08-29,ok,14215000000.0,InventoryNet,0000909832-22-000021,2022-10-05,CY2021Q3I,14215000000.0,2021-10-06,2.0,False,
COST,inventory,2022,909832,,2022-08-28,ok,17907000000.0,InventoryNet,0000909832-23-000042,2023-10-11,CY2022Q3I,17907000000.0,2022-10-05,2.0,False,
COST,inventory,2023,909832,,2023-09-03,ok,16651000000.0,InventoryNet,0000909832-24-000049,2024-10-09,CY2023Q3I,16651000000.0,2023-10-11,2.0,False,
COST,inventory,2024,909832,,2024-09-01,ok,18647000000.0,InventoryNet,0000909832-25-000101,2025-10-08,CY2024Q3I,18647000000.0,2024-10-09,2.0,False,
COST,inventory,2025,909832,,2025-08-31,ok,18116000000.0,InventoryNet,0000909832-25-000101,2025-10-08,,18116000000.0,2025-10-08,1.0,False,
COST,lifo_reserve,2015,909832,,2015-08-30,ok,82000000.0,InventoryLIFOReserve,0000909832-16-000032,2016-10-12,CY2015Q3I,82000000.0,2015-10-14,2.0,False,
COST,lifo_reserve,2016,909832,,2016-08-28,not tagged,,,,,,,,,,
COST,lifo_reserve,2017,909832,,2017-09-03,ok,0.0,InventoryLIFOReserve,0000909832-17-000014,2017-10-18,,0.0,2017-10-18,1.0,False,
COST,lifo_reserve,2018,909832,,2018-09-02,not tagged,,,,,,,,,,
COST,lifo_reserve,2019,909832,,2019-09-01,not tagged,,,,,,,,,,
COST,lifo_reserve,2020,909832,,2020-08-30,not tagged,,,,,,,,,,
COST,lifo_reserve,2021,909832,,2021-08-29,not tagged,,,,,,,,,,
COST,lifo_reserve,2022,909832,,2022-08-28,not tagged,,,,,,,,,,
COST,lifo_reserve,2023,909832,,2023-09-03,not tagged,,,,,,,,,,
COST,lifo_reserve,2024,909832,,2024-09-01,not tagged,,,,,,,,,,
COST,lifo_reserve,2025,909832,,2025-08-31,not tagged,,,,,,,,,,
COST,ltd_and_leases_current,2015,909832,,2015-08-30,not tagged,,,,,,,,,,
COST,ltd_and_leases_current,2016,909832,,2016-08-28,not tagged,,,,,,,,,,
COST,ltd_and_leases_current,2017,909832,,2017-09-03,not tagged,,,,,,,,,,
COST,ltd_and_leases_current,2018,909832,,2018-09-02,not tagged,,,,,,,,,,
COST,ltd_and_leases_current,2019,909832,,2019-09-01,not tagged,,,,,,,,,,
COST,ltd_and_leases_current,2020,909832,,2020-08-30,not tagged,,,,,,,,,,
COST,ltd_and_leases_current,2021,909832,,2021-08-29,not tagged,,,,,,,,,,
COST,ltd_and_leases_current,2022,909832,,2022-08-28,not tagged,,,,,,,,,,
COST,ltd_and_leases_current,2023,909832,,2023-09-03,not tagged,,,,,,,,,,
COST,ltd_and_leases_current,2024,909832,,2024-09-01,not tagged,,,,,,,,,,
COST,ltd_and_leases_current,2025,909832,,2025-08-31,not tagged,,,,,,,,,,
COST,ltd_and_leases_noncurrent,2015,909832,,2015-08-30,not tagged,,,,,,,,,,
COST,ltd_and_leases_noncurrent,2016,909832,,2016-08-28,not tagged,,,,,,,,,,
COST,ltd_and_leases_noncurrent,2017,909832,,2017-09-03,not tagged,,,,,,,,,,
COST,ltd_and_leases_noncurrent,2018,909832,,2018-09-02,not tagged,,,,,,,,,,
COST,ltd_and_leases_noncurrent,2019,909832,,2019-09-01,not tagged,,,,,,,,,,
COST,ltd_and_leases_noncurrent,2020,909832,,2020-08-30,not tagged,,,,,,,,,,
COST,ltd_and_leases_noncurrent,2021,909832,,2021-08-29,not tagged,,,,,,,,,,
COST,ltd_and_leases_noncurrent,2022,909832,,2022-08-28,not tagged,,,,,,,,,,
COST,ltd_and_leases_noncurrent,2023,909832,,2023-09-03,not tagged,,,,,,,,,,
COST,ltd_and_leases_noncurrent,2024,909832,,2024-09-01,not tagged,,,,,,,,,,
COST,ltd_and_leases_noncurrent,2025,909832,,2025-08-31,not tagged,,,,,,,,,,
COST,ltd_current,2015,909832,,2015-08-30,ok,1283000000.0,LongTermDebtCurrent,0000909832-16-000032,2016-10-12,CY2015Q3I,1283000000.0,2015-10-14,2.0,False,
COST,ltd_current,2016,909832,,2016-08-28,ok,1100000000.0,LongTermDebtCurrent,0000909832-17-000014,2017-10-18,CY2016Q3I,1100000000.0,2016-10-12,2.0,False,
COST,ltd_current,2017,909832,,2017-09-03,ok,86000000.0,LongTermDebtCurrent,0000909832-18-000013,2018-10-26,CY2017Q3I,86000000.0,2017-10-18,2.0,False,
COST,ltd_current,2018,909832,,2018-09-02,ok,90000000.0,LongTermDebtCurrent,0000909832-18-000013,2018-10-26,,90000000.0,2018-10-26,1.0,False,
COST,ltd_current,2019,909832,,2019-09-01,ok,1699000000.0,LongTermDebtCurrent,0000909832-20-000017,2020-10-07,CY2019Q3I,1699000000.0,2020-10-07,1.0,False,
COST,ltd_current,2020,909832,,2020-08-30,ok,95000000.0,LongTermDebtCurrent,0000909832-21-000014,2021-10-06,CY2020Q3I,95000000.0,2020-10-07,2.0,False,
COST,ltd_current,2021,909832,,2021-08-29,ok,799000000.0,LongTermDebtCurrent,0000909832-22-000021,2022-10-05,CY2021Q3I,799000000.0,2021-10-06,2.0,False,
COST,ltd_current,2022,909832,,2022-08-28,ok,73000000.0,LongTermDebtCurrent,0000909832-23-000042,2023-10-11,CY2022Q3I,73000000.0,2022-10-05,2.0,False,
COST,ltd_current,2023,909832,,2023-09-03,ok,1081000000.0,LongTermDebtCurrent,0000909832-24-000049,2024-10-09,CY2023Q3I,1081000000.0,2023-10-11,2.0,False,
COST,ltd_current,2024,909832,,2024-09-01,ok,103000000.0,LongTermDebtCurrent,0000909832-25-000101,2025-10-08,CY2024Q3I,103000000.0,2024-10-09,2.0,False,
COST,ltd_current,2025,909832,,2025-08-31,ok,75000000.0,LongTermDebtCurrent,0000909832-25-000101,2025-10-08,,75000000.0,2025-10-08,1.0,False,
COST,ltd_noncurrent,2015,909832,,2015-08-30,ok,4852000000.0,LongTermDebtNoncurrent,0000909832-16-000032,2016-10-12,CY2015Q3I,4864000000.0,2015-10-14,2.0,True,
COST,ltd_noncurrent,2016,909832,,2016-08-28,ok,4061000000.0,LongTermDebtNoncurrent,0000909832-17-000014,2017-10-18,CY2016Q3I,4061000000.0,2016-10-12,2.0,False,
COST,ltd_noncurrent,2017,909832,,2017-09-03,ok,6573000000.0,LongTermDebtNoncurrent,0000909832-18-000013,2018-10-26,CY2017Q3I,6573000000.0,2017-10-18,2.0,False,
COST,ltd_noncurrent,2018,909832,,2018-09-02,ok,6487000000.0,LongTermDebtNoncurrent,0000909832-18-000013,2018-10-26,,6487000000.0,2018-10-26,1.0,False,
COST,ltd_noncurrent,2019,909832,,2019-09-01,ok,5124000000.0,LongTermDebtNoncurrent,0000909832-20-000017,2020-10-07,CY2019Q3I,5124000000.0,2020-10-07,1.0,False,
COST,ltd_noncurrent,2020,909832,,2020-08-30,ok,7514000000.0,LongTermDebtNoncurrent,0000909832-21-000014,2021-10-06,CY2020Q3I,7514000000.0,2020-10-07,2.0,False,
COST,ltd_noncurrent,2021,909832,,2021-08-29,ok,6692000000.0,LongTermDebtNoncurrent,0000909832-22-000021,2022-10-05,CY2021Q3I,6692000000.0,2021-10-06,2.0,False,
COST,ltd_noncurrent,2022,909832,,2022-08-28,ok,6484000000.0,LongTermDebtNoncurrent,0000909832-23-000042,2023-10-11,CY2022Q3I,6484000000.0,2022-10-05,2.0,False,
COST,ltd_noncurrent,2023,909832,,2023-09-03,ok,5377000000.0,LongTermDebtNoncurrent,0000909832-24-000049,2024-10-09,CY2023Q3I,5377000000.0,2023-10-11,2.0,False,
COST,ltd_noncurrent,2024,909832,,2024-09-01,ok,5794000000.0,LongTermDebtNoncurrent,0000909832-25-000101,2025-10-08,CY2024Q3I,5794000000.0,2024-10-09,2.0,False,
COST,ltd_noncurrent,2025,909832,,2025-08-31,ok,5713000000.0,LongTermDebtNoncurrent,0000909832-25-000101,2025-10-08,,5713000000.0,2025-10-08,1.0,False,
COST,net_income,2015,909832,2014-09-01,2015-08-30,ok,2377000000.0,NetIncomeLoss,0000909832-17-000014,2017-10-18,CY2015,2377000000.0,2015-10-14,3.0,False,
COST,net_income,2016,909832,2015-08-31,2016-08-28,ok,2350000000.0,NetIncomeLoss,0000909832-18-000013,2018-10-26,CY2016,2350000000.0,2016-10-12,3.0,False,
COST,net_income,2017,909832,2016-08-29,2017-09-03,ok,2679000000.0,NetIncomeLoss,0000909832-18-000013,2018-10-26,,2679000000.0,2017-10-18,2.0,False,
COST,net_income,2018,909832,2017-09-04,2018-09-02,ok,3134000000.0,NetIncomeLoss,0000909832-20-000017,2020-10-07,CY2018,3134000000.0,2018-10-26,2.0,False,
COST,net_income,2019,909832,2018-09-03,2019-09-01,ok,3659000000.0,NetIncomeLoss,0000909832-21-000014,2021-10-06,CY2019,3659000000.0,2020-10-07,2.0,False,
COST,net_income,2020,909832,2019-09-02,2020-08-30,ok,4002000000.0,NetIncomeLoss,0000909832-22-000021,2022-10-05,CY2020,4002000000.0,2020-10-07,3.0,False,
COST,net_income,2021,909832,2020-08-31,2021-08-29,ok,5007000000.0,NetIncomeLoss,0000909832-23-000042,2023-10-11,CY2021,5007000000.0,2021-10-06,3.0,False,
COST,net_income,2022,909832,2021-08-30,2022-08-28,ok,5844000000.0,NetIncomeLoss,0000909832-24-000049,2024-10-09,CY2022,5844000000.0,2022-10-05,3.0,False,
COST,net_income,2023,909832,2022-08-29,2023-09-03,ok,6292000000.0,NetIncomeLoss,0000909832-25-000101,2025-10-08,CY2023,6292000000.0,2023-10-11,3.0,False,
COST,net_income,2024,909832,2023-09-04,2024-09-01,ok,7367000000.0,NetIncomeLoss,0000909832-25-000101,2025-10-08,CY2024,7367000000.0,2024-10-09,2.0,False,
COST,net_income,2025,909832,2024-09-02,2025-08-31,ok,8099000000.0,NetIncomeLoss,0000909832-25-000101,2025-10-08,CY2025,8099000000.0,2025-10-08,1.0,False,
COST,operating_income,2015,909832,2014-09-01,2015-08-30,ok,3624000000.0,OperatingIncomeLoss,0000909832-17-000014,2017-10-18,CY2015,3624000000.0,2015-10-14,3.0,False,
COST,operating_income,2016,909832,2015-08-31,2016-08-28,ok,3672000000.0,OperatingIncomeLoss,0000909832-18-000013,2018-10-26,CY2016,3672000000.0,2016-10-12,3.0,False,
COST,operating_income,2017,909832,2016-08-29,2017-09-03,ok,4111000000.0,OperatingIncomeLoss,0000909832-18-000013,2018-10-26,,4111000000.0,2017-10-18,2.0,False,
COST,operating_income,2018,909832,2017-09-04,2018-09-02,ok,4480000000.0,OperatingIncomeLoss,0000909832-20-000017,2020-10-07,CY2018,4480000000.0,2018-10-26,2.0,False,
COST,operating_income,2019,909832,2018-09-03,2019-09-01,ok,4737000000.0,OperatingIncomeLoss,0000909832-21-000014,2021-10-06,CY2019,4737000000.0,2020-10-07,2.0,False,
COST,operating_income,2020,909832,2019-09-02,2020-08-30,ok,5435000000.0,OperatingIncomeLoss,0000909832-22-000021,2022-10-05,CY2020,5435000000.0,2020-10-07,3.0,False,
COST,operating_income,2021,909832,2020-08-31,2021-08-29,ok,6708000000.0,OperatingIncomeLoss,0000909832-23-000042,2023-10-11,CY2021,6708000000.0,2021-10-06,3.0,False,
COST,operating_income,2022,909832,2021-08-30,2022-08-28,ok,7793000000.0,OperatingIncomeLoss,0000909832-24-000049,2024-10-09,CY2022,7793000000.0,2022-10-05,3.0,False,
COST,operating_income,2023,909832,2022-08-29,2023-09-03,ok,8114000000.0,OperatingIncomeLoss,0000909832-25-000101,2025-10-08,CY2023,8114000000.0,2023-10-11,3.0,False,
COST,operating_income,2024,909832,2023-09-04,2024-09-01,ok,9285000000.0,OperatingIncomeLoss,0000909832-25-000101,2025-10-08,CY2024,9285000000.0,2024-10-09,2.0,False,
COST,operating_income,2025,909832,2024-09-02,2025-08-31,ok,10383000000.0,OperatingIncomeLoss,0000909832-25-000101,2025-10-08,CY2025,10383000000.0,2025-10-08,1.0,False,
COST,operating_lease_current,2015,909832,,2015-08-30,not tagged,,,,,,,,,,
COST,operating_lease_current,2016,909832,,2016-08-28,not tagged,,,,,,,,,,
COST,operating_lease_current,2017,909832,,2017-09-03,not tagged,,,,,,,,,,
COST,operating_lease_current,2018,909832,,2018-09-02,not tagged,,,,,,,,,,
COST,operating_lease_current,2019,909832,,2019-09-01,not tagged,,,,,,,,,,
COST,operating_lease_current,2020,909832,,2020-08-30,ok,231000000.0,OperatingLeaseLiabilityCurrent,0000909832-20-000017,2020-10-07,CY2020Q3I,231000000.0,2020-10-07,1.0,False,
COST,operating_lease_current,2021,909832,,2021-08-29,not tagged,,,,,,,,,,
COST,operating_lease_current,2022,909832,,2022-08-28,not tagged,,,,,,,,,,
COST,operating_lease_current,2023,909832,,2023-09-03,not tagged,,,,,,,,,,
COST,operating_lease_current,2024,909832,,2024-09-01,ok,179000000.0,OperatingLeaseLiabilityCurrent,0000909832-25-000101,2025-10-08,CY2024Q3I,179000000.0,2025-10-08,1.0,False,
COST,operating_lease_current,2025,909832,,2025-08-31,ok,208000000.0,OperatingLeaseLiabilityCurrent,0000909832-25-000101,2025-10-08,CY2025Q3I,208000000.0,2025-10-08,1.0,False,
COST,operating_lease_noncurrent,2015,909832,,2015-08-30,not tagged,,,,,,,,,,
COST,operating_lease_noncurrent,2016,909832,,2016-08-28,not tagged,,,,,,,,,,
COST,operating_lease_noncurrent,2017,909832,,2017-09-03,not tagged,,,,,,,,,,
COST,operating_lease_noncurrent,2018,909832,,2018-09-02,not tagged,,,,,,,,,,
COST,operating_lease_noncurrent,2019,909832,,2019-09-01,ok,0.0,OperatingLeaseLiabilityNoncurrent,0000909832-20-000017,2020-10-07,CY2019Q3I,0.0,2020-10-07,1.0,False,
COST,operating_lease_noncurrent,2020,909832,,2020-08-30,ok,2558000000.0,OperatingLeaseLiabilityNoncurrent,0000909832-21-000014,2021-10-06,CY2020Q3I,2558000000.0,2020-10-07,2.0,False,
COST,operating_lease_noncurrent,2021,909832,,2021-08-29,ok,2642000000.0,OperatingLeaseLiabilityNoncurrent,0000909832-22-000021,2022-10-05,CY2021Q3I,2642000000.0,2021-10-06,2.0,False,
COST,operating_lease_noncurrent,2022,909832,,2022-08-28,ok,2482000000.0,OperatingLeaseLiabilityNoncurrent,0000909832-23-000042,2023-10-11,CY2022Q3I,2482000000.0,2022-10-05,2.0,False,
COST,operating_lease_noncurrent,2023,909832,,2023-09-03,ok,2426000000.0,OperatingLeaseLiabilityNoncurrent,0000909832-24-000049,2024-10-09,CY2023Q3I,2426000000.0,2023-10-11,2.0,False,
COST,operating_lease_noncurrent,2024,909832,,2024-09-01,ok,2375000000.0,OperatingLeaseLiabilityNoncurrent,0000909832-25-000101,2025-10-08,CY2024Q3I,2375000000.0,2024-10-09,2.0,False,
COST,operating_lease_noncurrent,2025,909832,,2025-08-31,ok,2460000000.0,OperatingLeaseLiabilityNoncurrent,0000909832-25-000101,2025-10-08,,2460000000.0,2025-10-08,1.0,False,
COST,operating_lease_total,2015,909832,,2015-08-30,not tagged,,,,,,,,,,
COST,operating_lease_total,2016,909832,,2016-08-28,not tagged,,,,,,,,,,
COST,operating_lease_total,2017,909832,,2017-09-03,not tagged,,,,,,,,,,
COST,operating_lease_total,2018,909832,,2018-09-02,not tagged,,,,,,,,,,
COST,operating_lease_total,2019,909832,,2019-09-01,not tagged,,,,,,,,,,
COST,operating_lease_total,2020,909832,,2020-08-30,ok,2789000000.0,OperatingLeaseLiability,0000909832-20-000017,2020-10-07,CY2020Q3I,2789000000.0,2020-10-07,1.0,False,
COST,operating_lease_total,2021,909832,,2021-08-29,ok,2864000000.0,OperatingLeaseLiability,0000909832-21-000014,2021-10-06,CY2021Q3I,2864000000.0,2021-10-06,1.0,False,
COST,operating_lease_total,2022,909832,,2022-08-28,ok,2721000000.0,OperatingLeaseLiability,0000909832-22-000021,2022-10-05,CY2022Q3I,2721000000.0,2022-10-05,1.0,False,
COST,operating_lease_total,2023,909832,,2023-09-03,ok,2646000000.0,OperatingLeaseLiability,0000909832-23-000042,2023-10-11,CY2023Q3I,2646000000.0,2023-10-11,1.0,False,
COST,operating_lease_total,2024,909832,,2024-09-01,ok,2554000000.0,OperatingLeaseLiability,0000909832-24-000049,2024-10-09,CY2024Q3I,2554000000.0,2024-10-09,1.0,False,
COST,operating_lease_total,2025,909832,,2025-08-31,ok,2668000000.0,OperatingLeaseLiability,0000909832-25-000101,2025-10-08,CY2025Q3I,2668000000.0,2025-10-08,1.0,False,
COST,revenue,2015,909832,2014-09-01,2015-08-30,ok,116199000000.0,Revenues,0000909832-17-000014,2017-10-18,CY2015,116199000000.0,2015-10-14,3.0,False,
COST,revenue,2016,909832,2015-08-31,2016-08-28,ok,118719000000.0,RevenueFromContractWithCustomerExcludingAssessedTax,0000909832-18-000013,2018-10-26,CY2016,118719000000.0,2018-10-26,1.0,False,
COST,revenue,2017,909832,2016-08-29,2017-09-03,ok,129025000000.0,RevenueFromContractWithCustomerExcludingAssessedTax,0000909832-18-000013,2018-10-26,,129025000000.0,2018-10-26,1.0,False,
COST,revenue,2018,909832,2017-09-04,2018-09-02,ok,141576000000.0,RevenueFromContractWithCustomerExcludingAssessedTax,0000909832-20-000017,2020-10-07,CY2018,141576000000.0,2018-10-26,2.0,False,
COST,revenue,2019,909832,2018-09-03,2019-09-01,ok,152703000000.0,RevenueFromContractWithCustomerExcludingAssessedTax,0000909832-21-000014,2021-10-06,CY2019,152703000000.0,2020-10-07,2.0,False,
COST,revenue,2020,909832,2019-09-02,2020-08-30,ok,166761000000.0,RevenueFromContractWithCustomerExcludingAssessedTax,0000909832-22-000021,2022-10-05,CY2020,166761000000.0,2020-10-07,3.0,False,
COST,revenue,2021,909832,2020-08-31,2021-08-29,ok,195929000000.0,RevenueFromContractWithCustomerExcludingAssessedTax,0000909832-23-000042,2023-10-11,CY2021,195929000000.0,2021-10-06,3.0,False,
COST,revenue,2022,909832,2021-08-30,2022-08-28,ok,226954000000.0,RevenueFromContractWithCustomerExcludingAssessedTax,0000909832-24-000049,2024-10-09,CY2022,226954000000.0,2022-10-05,3.0,False,
COST,revenue,2023,909832,2022-08-29,2023-09-03,ok,242290000000.0,RevenueFromContractWithCustomerExcludingAssessedTax,0000909832-25-000101,2025-10-08,CY2023,242290000000.0,2023-10-11,3.0,False,
COST,revenue,2024,909832,2023-09-04,2024-09-01,ok,254453000000.0,RevenueFromContractWithCustomerExcludingAssessedTax,0000909832-25-000101,2025-10-08,CY2024,254453000000.0,2024-10-09,2.0,False,
COST,revenue,2025,909832,2024-09-02,2025-08-31,ok,275235000000.0,RevenueFromContractWithCustomerExcludingAssessedTax,0000909832-25-000101,2025-10-08,CY2025,275235000000.0,2025-10-08,1.0,False,
COST,short_term_borrowings,2015,909832,,2015-08-30,not tagged,,,,,,,,,,
COST,short_term_borrowings,2016,909832,,2016-08-28,not tagged,,,,,,,,,,
COST,short_term_borrowings,2017,909832,,2017-09-03,not tagged,,,,,,,,,,
COST,short_term_borrowings,2018,909832,,2018-09-02,not tagged,,,,,,,,,,
COST,short_term_borrowings,2019,909832,,2019-09-01,not tagged,,,,,,,,,,
COST,short_term_borrowings,2020,909832,,2020-08-30,not tagged,,,,,,,,,,
COST,short_term_borrowings,2021,909832,,2021-08-29,not tagged,,,,,,,,,,
COST,short_term_borrowings,2022,909832,,2022-08-28,not tagged,,,,,,,,,,
COST,short_term_borrowings,2023,909832,,2023-09-03,not tagged,,,,,,,,,,
COST,short_term_borrowings,2024,909832,,2024-09-01,not tagged,,,,,,,,,,
COST,short_term_borrowings,2025,909832,,2025-08-31,not tagged,,,,,,,,,,
COST,total_assets,2015,909832,,2015-08-30,ok,33017000000.0,Assets,0000909832-17-000014,2017-10-18,CY2015Q3I,33440000000.0,2015-10-14,3.0,True,
COST,total_assets,2016,909832,,2016-08-28,ok,33163000000.0,Assets,0000909832-18-000013,2018-10-26,CY2016Q3I,33163000000.0,2016-10-12,3.0,False,
COST,total_assets,2017,909832,,2017-09-03,ok,36347000000.0,Assets,0000909832-18-000013,2018-10-26,,36347000000.0,2017-10-18,2.0,False,
COST,total_assets,2018,909832,,2018-09-02,ok,40830000000.0,Assets,0000909832-20-000017,2020-10-07,CY2018Q3I,40830000000.0,2018-10-26,2.0,False,
COST,total_assets,2019,909832,,2019-09-01,ok,45400000000.0,Assets,0000909832-21-000014,2021-10-06,CY2019Q3I,45400000000.0,2020-10-07,2.0,False,
COST,total_assets,2020,909832,,2020-08-30,ok,55556000000.0,Assets,0000909832-22-000021,2022-10-05,CY2020Q3I,55556000000.0,2020-10-07,3.0,False,
COST,total_assets,2021,909832,,2021-08-29,ok,59268000000.0,Assets,0000909832-23-000042,2023-10-11,CY2021Q3I,59268000000.0,2021-10-06,3.0,False,
COST,total_assets,2022,909832,,2022-08-28,ok,64166000000.0,Assets,0000909832-24-000049,2024-10-09,CY2022Q3I,64166000000.0,2022-10-05,3.0,False,
COST,total_assets,2023,909832,,2023-09-03,ok,68994000000.0,Assets,0000909832-25-000101,2025-10-08,CY2023Q3I,68994000000.0,2023-10-11,3.0,False,
COST,total_assets,2024,909832,,2024-09-01,ok,69831000000.0,Assets,0000909832-25-000101,2025-10-08,CY2024Q3I,69831000000.0,2024-10-09,2.0,False,
COST,total_assets,2025,909832,,2025-08-31,ok,77099000000.0,Assets,0000909832-25-000101,2025-10-08,,77099000000.0,2025-10-08,1.0,False,
COST,total_equity,2015,909832,,2015-08-30,ok,10843000000.0,StockholdersEquityIncludingPortionAttributableToNoncontrollingInterest,0000909832-18-000013,2018-10-26,CY2015Q3I,10843000000.0,2015-10-14,4.0,False,
COST,total_equity,2016,909832,,2016-08-28,ok,12332000000.0,StockholdersEquityIncludingPortionAttributableToNoncontrollingInterest,0000909832-18-000013,2018-10-26,,12332000000.0,2016-10-12,3.0,False,
COST,total_equity,2017,909832,,2017-09-03,ok,11079000000.0,StockholdersEquityIncludingPortionAttributableToNoncontrollingInterest,0000909832-20-000017,2020-10-07,CY2017Q3I,11079000000.0,2017-10-18,3.0,False,
COST,total_equity,2018,909832,,2018-09-02,ok,13103000000.0,StockholdersEquityIncludingPortionAttributableToNoncontrollingInterest,0000909832-21-000014,2021-10-06,CY2018Q3I,13103000000.0,2018-10-26,3.0,False,
COST,total_equity,2019,909832,,2019-09-01,ok,15584000000.0,StockholdersEquityIncludingPortionAttributableToNoncontrollingInterest,0000909832-22-000021,2022-10-05,CY2019Q3I,15584000000.0,2020-10-07,3.0,False,
COST,total_equity,2020,909832,,2020-08-30,ok,18705000000.0,StockholdersEquityIncludingPortionAttributableToNoncontrollingInterest,0000909832-23-000042,2023-10-11,CY2020Q3I,18705000000.0,2020-10-07,4.0,False,
COST,total_equity,2021,909832,,2021-08-29,ok,18078000000.0,StockholdersEquityIncludingPortionAttributableToNoncontrollingInterest,0000909832-24-000049,2024-10-09,CY2021Q3I,18078000000.0,2021-10-06,4.0,False,
COST,total_equity,2022,909832,,2022-08-28,ok,20647000000.0,StockholdersEquityIncludingPortionAttributableToNoncontrollingInterest,0000909832-25-000101,2025-10-08,CY2022Q3I,20647000000.0,2022-10-05,4.0,False,
COST,total_equity,2023,909832,,2023-09-03,ok,25058000000.0,StockholdersEquityIncludingPortionAttributableToNoncontrollingInterest,0000909832-25-000101,2025-10-08,CY2023Q3I,25058000000.0,2023-10-11,3.0,False,
COST,total_equity,2024,909832,,2024-09-01,ok,23622000000.0,StockholdersEquityIncludingPortionAttributableToNoncontrollingInterest,0000909832-25-000101,2025-10-08,CY2024Q3I,23622000000.0,2024-10-09,2.0,False,
COST,total_equity,2025,909832,,2025-08-31,ok,29164000000.0,StockholdersEquityIncludingPortionAttributableToNoncontrollingInterest,0000909832-25-000101,2025-10-08,CY2025Q3I,29164000000.0,2025-10-08,1.0,False,
KR,cost_of_sales,2015,56873,2015-02-01,2016-01-30,ok,85496000000.0,CostOfGoodsSold,0001558370-18-003055,2018-04-18,CY2015,85496000000.0,2016-03-29,4.0,False,
KR,cost_of_sales,2016,56873,2016-01-31,2017-01-28,ok,89502000000.0,CostOfGoodsSoldExcludingDepreciationDepletionAndAmortization,0001558370-19-002756,2019-04-02,CY2016,89502000000.0,2019-04-02,1.0,False,
KR,cost_of_sales,2017,56873,2017-01-29,2018-02-03,ok,95811000000.0,CostOfGoodsAndServiceExcludingDepreciationDepletionAndAmortization,0001558370-20-003501,2020-04-01,CY2017,95811000000.0,2020-04-01,1.0,False,
KR,cost_of_sales,2018,56873,2018-02-04,2019-02-02,ok,95103000000.0,CostOfGoodsAndServiceExcludingDepreciationDepletionAndAmortization,0001558370-21-003706,2021-03-30,CY2018,95103000000.0,2020-04-01,2.0,False,
KR,cost_of_sales,2019,56873,2019-02-03,2020-02-01,ok,95294000000.0,CostOfGoodsAndServiceExcludingDepreciationDepletionAndAmortization,0001558370-22-004595,2022-03-29,CY2019,95294000000.0,2020-04-01,3.0,False,
KR,cost_of_sales,2020,56873,2020-02-02,2021-01-30,ok,101597000000.0,CostOfGoodsAndServiceExcludingDepreciationDepletionAndAmortization,0001558370-23-004767,2023-03-28,CY2020,101597000000.0,2021-03-30,3.0,False,
KR,cost_of_sales,2021,56873,2021-01-31,2022-01-29,ok,107539000000.0,CostOfGoodsAndServiceExcludingDepreciationDepletionAndAmortization,0001558370-24-004603,2024-04-02,CY2021,107539000000.0,2022-03-29,3.0,False,
KR,cost_of_sales,2022,56873,2022-01-30,2023-01-28,ok,116480000000.0,CostOfGoodsAndServiceExcludingDepreciationDepletionAndAmortization,0001558370-25-004267,2025-04-01,CY2022,116480000000.0,2023-03-28,3.0,False,
KR,cost_of_sales,2023,56873,2023-01-29,2024-02-03,ok,116675000000.0,CostOfGoodsAndServiceExcludingDepreciationDepletionAndAmortization,0001104659-26-037723,2026-03-31,CY2023,116675000000.0,2024-04-02,3.0,False,
KR,cost_of_sales,2024,56873,2024-02-04,2025-02-01,ok,113720000000.0,CostOfGoodsAndServiceExcludingDepreciationDepletionAndAmortization,0001104659-26-037723,2026-03-31,CY2024,113720000000.0,2025-04-01,2.0,False,
KR,cost_of_sales,2025,56873,2025-02-02,2026-01-31,ok,113240000000.0,CostOfGoodsAndServiceExcludingDepreciationDepletionAndAmortization,0001104659-26-037723,2026-03-31,CY2025,113240000000.0,2026-03-31,1.0,False,
KR,current_assets,2015,56873,,2016-01-30,ok,9892000000.0,AssetsCurrent,0001558370-17-002198,2017-03-28,CY2015Q4I,9892000000.0,2016-03-29,2.0,False,
KR,current_assets,2016,56873,,2017-01-28,ok,10340000000.0,AssetsCurrent,0001558370-18-003055,2018-04-18,CY2016Q4I,10340000000.0,2017-03-28,3.0,False,
KR,current_assets,2017,56873,,2018-02-03,ok,11117000000.0,AssetsCurrent,0001558370-19-002756,2019-04-02,CY2017Q4I,11117000000.0,2018-04-03,3.0,False,
KR,current_assets,2018,56873,,2019-02-02,ok,10803000000.0,AssetsCurrent,0001558370-20-003501,2020-04-01,CY2018Q4I,10803000000.0,2019-04-02,2.0,False,
KR,current_assets,2019,56873,,2020-02-01,ok,10890000000.0,AssetsCurrent,0001558370-21-003706,2021-03-30,CY2019Q4I,10890000000.0,2020-04-01,2.0,False,
KR,current_assets,2020,56873,,2021-01-30,ok,12503000000.0,AssetsCurrent,0001558370-22-004595,2022-03-29,CY2020Q4I,12503000000.0,2021-03-30,2.0,False,
KR,current_assets,2021,56873,,2022-01-29,ok,12174000000.0,AssetsCurrent,0001558370-23-004767,2023-03-28,CY2021Q4I,12174000000.0,2022-03-29,2.0,False,
KR,current_assets,2022,56873,,2023-01-28,ok,12670000000.0,AssetsCurrent,0001558370-24-004603,2024-04-02,CY2022Q4I,12670000000.0,2023-03-28,2.0,False,
KR,current_assets,2023,56873,,2024-02-03,ok,12948000000.0,AssetsCurrent,0001558370-25-004267,2025-04-01,CY2023Q4I,12948000000.0,2024-04-02,2.0,False,
KR,current_assets,2024,56873,,2025-02-01,ok,15273000000.0,AssetsCurrent,0001104659-26-037723,2026-03-31,CY2024Q4I,15273000000.0,2025-04-01,2.0,False,
KR,current_assets,2025,56873,,2026-01-31,ok,14505000000.0,AssetsCurrent,0001104659-26-037723,2026-03-31,,14505000000.0,2026-03-31,1.0,False,
KR,current_liabilities,2015,56873,,2016-01-30,ok,12971000000.0,LiabilitiesCurrent,0001558370-17-002198,2017-03-28,CY2015Q4I,12971000000.0,2016-03-29,2.0,False,
KR,current_liabilities,2016,56873,,2017-01-28,ok,12860000000.0,LiabilitiesCurrent,0001558370-18-003055,2018-04-18,CY2016Q4I,12860000000.0,2017-03-28,3.0,False,
KR,current_liabilities,2017,56873,,2018-02-03,ok,14197000000.0,LiabilitiesCurrent,0001558370-19-002756,2019-04-02,CY2017Q4I,14197000000.0,2018-04-03,3.0,False,
KR,current_liabilities,2018,56873,,2019-02-02,ok,14274000000.0,LiabilitiesCurrent,0001558370-20-003501,2020-04-01,CY2018Q4I,14274000000.0,2019-04-02,2.0,False,
KR,current_liabilities,2019,56873,,2020-02-01,ok,14243000000.0,LiabilitiesCurrent,0001558370-21-003706,2021-03-30,CY2019Q4I,14243000000.0,2020-04-01,2.0,False,
KR,current_liabilities,2020,56873,,2021-01-30,ok,15366000000.0,LiabilitiesCurrent,0001558370-22-004595,2022-03-29,CY2020Q4I,15366000000.0,2021-03-30,2.0,False,
KR,current_liabilities,2021,56873,,2022-01-29,ok,16323000000.0,LiabilitiesCurrent,0001558370-23-004767,2023-03-28,CY2021Q4I,16323000000.0,2022-03-29,2.0,False,
KR,current_liabilities,2022,56873,,2023-01-28,ok,17238000000.0,LiabilitiesCurrent,0001558370-24-004603,2024-04-02,CY2022Q4I,17238000000.0,2023-03-28,2.0,False,
KR,current_liabilities,2023,56873,,2024-02-03,ok,16058000000.0,LiabilitiesCurrent,0001558370-25-004267,2025-04-01,CY2023Q4I,16058000000.0,2024-04-02,2.0,False,
KR,current_liabilities,2024,56873,,2025-02-01,ok,15940000000.0,LiabilitiesCurrent,0001104659-26-037723,2026-03-31,CY2024Q4I,15940000000.0,2025-04-01,2.0,False,
KR,current_liabilities,2025,56873,,2026-01-31,ok,18108000000.0,LiabilitiesCurrent,0001104659-26-037723,2026-03-31,,18108000000.0,2026-03-31,1.0,False,
KR,equity_parent_only,2015,56873,,2016-01-30,ok,6820000000.0,StockholdersEquity,0001558370-17-002198,2017-03-28,CY2015Q4I,6820000000.0,2016-03-29,2.0,False,
KR,equity_parent_only,2016,56873,,2017-01-28,ok,6698000000.0,StockholdersEquity,0001558370-18-003055,2018-04-18,CY2016Q4I,6698000000.0,2017-03-28,3.0,False,
KR,equity_parent_only,2017,56873,,2018-02-03,ok,6931000000.0,StockholdersEquity,0001558370-19-002756,2019-04-02,CY2017Q4I,6931000000.0,2018-04-03,3.0,False,
KR,equity_parent_only,2018,56873,,2019-02-02,ok,7886000000.0,StockholdersEquity,0001558370-20-003501,2020-04-01,CY2018Q4I,7886000000.0,2019-04-02,2.0,False,
KR,equity_parent_only,2019,56873,,2020-02-01,ok,8602000000.0,StockholdersEquity,0001558370-21-003706,2021-03-30,CY2019Q4I,8602000000.0,2020-04-01,2.0,False,
KR,equity_parent_only,2020,56873,,2021-01-30,ok,9576000000.0,StockholdersEquity,0001558370-22-004595,2022-03-29,CY2020Q4I,9576000000.0,2021-03-30,2.0,False,
KR,equity_parent_only,2021,56873,,2022-01-29,ok,9452000000.0,StockholdersEquity,0001558370-23-004767,2023-03-28,CY2021Q4I,9452000000.0,2022-03-29,2.0,False,
KR,equity_parent_only,2022,56873,,2023-01-28,ok,10042000000.0,StockholdersEquity,0001558370-24-004603,2024-04-02,CY2022Q4I,10042000000.0,2023-03-28,2.0,False,
KR,equity_parent_only,2023,56873,,2024-02-03,ok,11615000000.0,StockholdersEquity,0001558370-25-004267,2025-04-01,CY2023Q4I,11615000000.0,2024-04-02,2.0,False,
KR,equity_parent_only,2024,56873,,2025-02-01,ok,8285000000.0,StockholdersEquity,0001104659-26-037723,2026-03-31,CY2024Q4I,8285000000.0,2025-04-01,2.0,False,
KR,equity_parent_only,2025,56873,,2026-01-31,ok,5927000000.0,StockholdersEquity,0001104659-26-037723,2026-03-31,,5927000000.0,2026-03-31,1.0,False,
KR,finance_lease_current,2015,56873,,2016-01-30,not tagged,,,,,,,,,,
KR,finance_lease_current,2016,56873,,2017-01-28,not tagged,,,,,,,,,,
KR,finance_lease_current,2017,56873,,2018-02-03,not tagged,,,,,,,,,,
KR,finance_lease_current,2018,56873,,2019-02-02,ok,54000000.0,FinanceLeaseLiabilityCurrent,0001558370-20-003501,2020-04-01,CY2018Q4I,54000000.0,2020-04-01,1.0,False,
KR,finance_lease_current,2019,56873,,2020-02-01,ok,39000000.0,FinanceLeaseLiabilityCurrent,0001558370-21-003706,2021-03-30,CY2019Q4I,39000000.0,2020-04-01,2.0,False,
KR,finance_lease_current,2020,56873,,2021-01-30,ok,67000000.0,FinanceLeaseLiabilityCurrent,0001558370-22-004595,2022-03-29,CY2020Q4I,67000000.0,2021-03-30,2.0,False,
KR,finance_lease_current,2021,56873,,2022-01-29,ok,104000000.0,FinanceLeaseLiabilityCurrent,0001558370-23-004767,2023-03-28,CY2021Q4I,104000000.0,2022-03-29,2.0,False,
KR,finance_lease_current,2022,56873,,2023-01-28,ok,157000000.0,FinanceLeaseLiabilityCurrent,0001558370-24-004603,2024-04-02,CY2022Q4I,157000000.0,2023-03-28,2.0,False,
KR,finance_lease_current,2023,56873,,2024-02-03,ok,173000000.0,FinanceLeaseLiabilityCurrent,0001558370-25-004267,2025-04-01,CY2023Q4I,173000000.0,2024-04-02,2.0,False,
KR,finance_lease_current,2024,56873,,2025-02-01,ok,168000000.0,FinanceLeaseLiabilityCurrent,0001104659-26-037723,2026-03-31,CY2024Q4I,168000000.0,2025-04-01,2.0,False,
KR,finance_lease_current,2025,56873,,2026-01-31,ok,436000000.0,FinanceLeaseLiabilityCurrent,0001104659-26-037723,2026-03-31,CY2025Q4I,436000000.0,2026-03-31,1.0,False,
KR,finance_lease_noncurrent,2015,56873,,2016-01-30,not tagged,,,,,,,,,,
KR,finance_lease_noncurrent,2016,56873,,2017-01-28,not tagged,,,,,,,,,,
KR,finance_lease_noncurrent,2017,56873,,2018-02-03,not tagged,,,,,,,,,,
KR,finance_lease_noncurrent,2018,56873,,2019-02-02,ok,824000000.0,FinanceLeaseLiabilityNoncurrent,0001558370-20-003501,2020-04-01,CY2018Q4I,824000000.0,2020-04-01,1.0,False,
KR,finance_lease_noncurrent,2019,56873,,2020-02-01,ok,781000000.0,FinanceLeaseLiabilityNoncurrent,0001558370-21-003706,2021-03-30,CY2019Q4I,781000000.0,2020-04-01,2.0,False,
KR,finance_lease_noncurrent,2020,56873,,2021-01-30,ok,936000000.0,FinanceLeaseLiabilityNoncurrent,0001558370-22-004595,2022-03-29,CY2020Q4I,936000000.0,2021-03-30,2.0,False,
KR,finance_lease_noncurrent,2021,56873,,2022-01-29,ok,1515000000.0,FinanceLeaseLiabilityNoncurrent,0001558370-23-004767,2023-03-28,CY2021Q4I,1515000000.0,2022-03-29,2.0,False,
KR,finance_lease_noncurrent,2022,56873,,2023-01-28,ok,1929000000.0,FinanceLeaseLiabilityNoncurrent,0001558370-24-004603,2024-04-02,CY2022Q4I,1929000000.0,2023-03-28,2.0,False,
KR,finance_lease_noncurrent,2023,56873,,2024-02-03,ok,1866000000.0,FinanceLeaseLiabilityNoncurrent,0001558370-25-004267,2025-04-01,CY2023Q4I,1866000000.0,2024-04-02,2.0,False,
KR,finance_lease_noncurrent,2024,56873,,2025-02-01,ok,1828000000.0,FinanceLeaseLiabilityNoncurrent,0001104659-26-037723,2026-03-31,CY2024Q4I,1828000000.0,2025-04-01,2.0,False,
KR,finance_lease_noncurrent,2025,56873,,2026-01-31,ok,1255000000.0,FinanceLeaseLiabilityNoncurrent,0001104659-26-037723,2026-03-31,CY2025Q4I,1255000000.0,2026-03-31,1.0,False,
KR,finance_lease_total,2015,56873,,2016-01-30,not tagged,,,,,,,,,,
KR,finance_lease_total,2016,56873,,2017-01-28,not tagged,,,,,,,,,,
KR,finance_lease_total,2017,56873,,2018-02-03,not tagged,,,,,,,,,,
KR,finance_lease_total,2018,56873,,2019-02-02,not tagged,,,,,,,,,,
KR,finance_lease_total,2019,56873,,2020-02-01,ok,820000000.0,FinanceLeaseLiability,0001558370-20-003501,2020-04-01,CY2019Q4I,820000000.0,2020-04-01,1.0,False,
KR,finance_lease_total,2020,56873,,2021-01-30,ok,1003000000.0,FinanceLeaseLiability,0001558370-21-003706,2021-03-30,CY2020Q4I,1003000000.0,2021-03-30,1.0,False,
KR,finance_lease_total,2021,56873,,2022-01-29,ok,1619000000.0,FinanceLeaseLiability,0001558370-22-004595,2022-03-29,CY2021Q4I,1619000000.0,2022-03-29,1.0,False,
KR,finance_lease_total,2022,56873,,2023-01-28,ok,2086000000.0,FinanceLeaseLiability,0001558370-23-004767,2023-03-28,CY2022Q4I,2086000000.0,2023-03-28,1.0,False,
KR,finance_lease_total,2023,56873,,2024-02-03,ok,2039000000.0,FinanceLeaseLiability,0001558370-24-004603,2024-04-02,CY2023Q4I,2039000000.0,2024-04-02,1.0,False,
KR,finance_lease_total,2024,56873,,2025-02-01,ok,1996000000.0,FinanceLeaseLiability,0001558370-25-004267,2025-04-01,CY2024Q4I,1996000000.0,2025-04-01,1.0,False,
KR,finance_lease_total,2025,56873,,2026-01-31,ok,1691000000.0,FinanceLeaseLiability,0001104659-26-037723,2026-03-31,CY2025Q4I,1691000000.0,2026-03-31,1.0,False,
KR,inventory,2015,56873,,2016-01-30,not tagged,,,,,,,,,,
KR,inventory,2016,56873,,2017-01-28,not tagged,,,,,,,,,,
KR,inventory,2017,56873,,2018-02-03,not tagged,,,,,,,,,,
KR,inventory,2018,56873,,2019-02-02,not tagged,,,,,,,,,,
KR,inventory,2019,56873,,2020-02-01,not tagged,,,,,,,,,,
KR,inventory,2020,56873,,2021-01-30,not tagged,,,,,,,,,,
KR,inventory,2021,56873,,2022-01-29,not tagged,,,,,,,,,,
KR,inventory,2022,56873,,2023-01-28,not tagged,,,,,,,,,,
KR,inventory,2023,56873,,2024-02-03,not tagged,,,,,,,,,,
KR,inventory,2024,56873,,2025-02-01,not tagged,,,,,,,,,,
KR,inventory,2025,56873,,2026-01-31,not tagged,,,,,,,,,,
KR,lifo_reserve,2015,56873,,2016-01-30,ok,1272000000.0,InventoryLIFOReserve,0001558370-17-002198,2017-03-28,CY2015Q4I,1272000000.0,2016-03-29,2.0,False,
KR,lifo_reserve,2016,56873,,2017-01-28,ok,1291000000.0,InventoryLIFOReserve,0001558370-18-003055,2018-04-18,CY2016Q4I,1291000000.0,2017-03-28,3.0,False,
KR,lifo_reserve,2017,56873,,2018-02-03,ok,1248000000.0,InventoryLIFOReserve,0001558370-19-002756,2019-04-02,CY2017Q4I,1248000000.0,2018-04-03,3.0,False,
KR,lifo_reserve,2018,56873,,2019-02-02,ok,1277000000.0,InventoryLIFOReserve,0001558370-20-003501,2020-04-01,CY2018Q4I,1277000000.0,2019-04-02,2.0,False,
KR,lifo_reserve,2019,56873,,2020-02-01,ok,1380000000.0,InventoryLIFOReserve,0001558370-21-003706,2021-03-30,CY2019Q4I,1380000000.0,2020-04-01,2.0,False,
KR,lifo_reserve,2020,56873,,2021-01-30,ok,1373000000.0,InventoryLIFOReserve,0001558370-22-004595,2022-03-29,CY2020Q4I,1373000000.0,2021-03-30,2.0,False,
KR,lifo_reserve,2021,56873,,2022-01-29,ok,1570000000.0,InventoryLIFOReserve,0001558370-23-004767,2023-03-28,CY2021Q4I,1570000000.0,2022-03-29,2.0,False,
KR,lifo_reserve,2022,56873,,2023-01-28,ok,2196000000.0,InventoryLIFOReserve,0001558370-24-004603,2024-04-02,CY2022Q4I,2196000000.0,2023-03-28,2.0,False,
KR,lifo_reserve,2023,56873,,2024-02-03,ok,2309000000.0,InventoryLIFOReserve,0001558370-25-004267,2025-04-01,CY2023Q4I,2309000000.0,2024-04-02,2.0,False,
KR,lifo_reserve,2024,56873,,2025-02-01,ok,2404000000.0,InventoryLIFOReserve,0001104659-26-037723,2026-03-31,CY2024Q4I,2404000000.0,2025-04-01,2.0,False,
KR,lifo_reserve,2025,56873,,2026-01-31,ok,2553000000.0,InventoryLIFOReserve,0001104659-26-037723,2026-03-31,,2553000000.0,2026-03-31,1.0,False,
KR,ltd_and_leases_current,2015,56873,,2016-01-30,ok,2370000000.0,LongTermDebtAndCapitalLeaseObligationsCurrent,0001558370-17-002198,2017-03-28,CY2015Q4I,2370000000.0,2016-03-29,2.0,False,
KR,ltd_and_leases_current,2016,56873,,2017-01-28,ok,2252000000.0,LongTermDebtAndCapitalLeaseObligationsCurrent,0001558370-18-003055,2018-04-18,CY2016Q4I,2252000000.0,2017-03-28,3.0,False,
KR,ltd_and_leases_current,2017,56873,,2018-02-03,ok,3560000000.0,LongTermDebtAndCapitalLeaseObligationsCurrent,0001558370-19-002756,2019-04-02,CY2017Q4I,3560000000.0,2018-04-03,3.0,False,
KR,ltd_and_leases_current,2018,56873,,2019-02-02,ok,3157000000.0,LongTermDebtAndCapitalLeaseObligationsCurrent,0001558370-20-003501,2020-04-01,CY2018Q4I,3157000000.0,2019-04-02,2.0,False,
KR,ltd_and_leases_current,2019,56873,,2020-02-01,not tagged,,,,,,,,,,
KR,ltd_and_leases_current,2020,56873,,2021-01-30,not tagged,,,,,,,,,,
KR,ltd_and_leases_current,2021,56873,,2022-01-29,not tagged,,,,,,,,,,
KR,ltd_and_leases_current,2022,56873,,2023-01-28,not tagged,,,,,,,,,,
KR,ltd_and_leases_current,2023,56873,,2024-02-03,not tagged,,,,,,,,,,
KR,ltd_and_leases_current,2024,56873,,2025-02-01,not tagged,,,,,,,,,,
KR,ltd_and_leases_current,2025,56873,,2026-01-31,not tagged,,,,,,,,,,
KR,ltd_and_leases_noncurrent,2015,56873,,2016-01-30,ok,9709000000.0,LongTermDebtAndCapitalLeaseObligations,0001558370-17-002198,2017-03-28,CY2015Q4I,9708000000.0,2016-03-29,2.0,True,
KR,ltd_and_leases_noncurrent,2016,56873,,2017-01-28,ok,11825000000.0,LongTermDebtAndCapitalLeaseObligations,0001558370-18-003055,2018-04-18,CY2016Q4I,11825000000.0,2017-03-28,3.0,False,
KR,ltd_and_leases_noncurrent,2017,56873,,2018-02-03,ok,12029000000.0,LongTermDebtAndCapitalLeaseObligations,0001558370-19-002756,2019-04-02,CY2017Q4I,12029000000.0,2018-04-03,3.0,False,
KR,ltd_and_leases_noncurrent,2018,56873,,2019-02-02,ok,12072000000.0,LongTermDebtAndCapitalLeaseObligations,0001558370-20-003501,2020-04-01,CY2018Q4I,12072000000.0,2019-04-02,2.0,False,
KR,ltd_and_leases_noncurrent,2019,56873,,2020-02-01,not tagged,,,,,,,,,,
KR,ltd_and_leases_noncurrent,2020,56873,,2021-01-30,not tagged,,,,,,,,,,
KR,ltd_and_leases_noncurrent,2021,56873,,2022-01-29,not tagged,,,,,,,,,,
KR,ltd_and_leases_noncurrent,2022,56873,,2023-01-28,not tagged,,,,,,,,,,
KR,ltd_and_leases_noncurrent,2023,56873,,2024-02-03,not tagged,,,,,,,,,,
KR,ltd_and_leases_noncurrent,2024,56873,,2025-02-01,not tagged,,,,,,,,,,
KR,ltd_and_leases_noncurrent,2025,56873,,2026-01-31,not tagged,,,,,,,,,,
KR,ltd_current,2015,56873,,2016-01-30,ok,2318000000.0,LongTermDebtCurrent,0001558370-17-002198,2017-03-28,CY2015Q4I,2318000000.0,2016-03-29,2.0,False,
KR,ltd_current,2016,56873,,2017-01-28,ok,2197000000.0,LongTermDebtCurrent,0001558370-18-003055,2018-04-18,CY2016Q4I,2197000000.0,2017-03-28,3.0,False,
KR,ltd_current,2017,56873,,2018-02-03,ok,3509000000.0,LongTermDebtCurrent,0001558370-19-002756,2019-04-02,CY2017Q4I,3509000000.0,2018-04-03,3.0,False,
KR,ltd_current,2018,56873,,2019-02-02,ok,3103000000.0,LongTermDebtCurrent,0001558370-20-003501,2020-04-01,CY2018Q4I,3103000000.0,2019-04-02,2.0,False,
KR,ltd_current,2019,56873,,2020-02-01,ok,1926000000.0,LongTermDebtCurrent,0001558370-21-003706,2021-03-30,CY2019Q4I,1926000000.0,2020-04-01,2.0,False,
KR,ltd_current,2020,56873,,2021-01-30,ok,844000000.0,LongTermDebtCurrent,0001558370-22-004595,2022-03-29,CY2020Q4I,844000000.0,2021-03-30,2.0,False,
KR,ltd_current,2021,56873,,2022-01-29,ok,451000000.0,LongTermDebtCurrent,0001558370-23-004767,2023-03-28,CY2021Q4I,451000000.0,2022-03-29,2.0,False,
KR,ltd_current,2022,56873,,2023-01-28,ok,1153000000.0,LongTermDebtCurrent,0001558370-24-004603,2024-04-02,CY2022Q4I,1153000000.0,2023-03-28,2.0,False,
KR,ltd_current,2023,56873,,2024-02-03,ok,25000000.0,LongTermDebtCurrent,0001558370-25-004267,2025-04-01,CY2023Q4I,25000000.0,2024-04-02,2.0,False,
KR,ltd_current,2024,56873,,2025-02-01,ok,104000000.0,LongTermDebtCurrent,0001104659-26-037723,2026-03-31,CY2024Q4I,104000000.0,2025-04-01,2.0,False,
KR,ltd_current,2025,56873,,2026-01-31,ok,1366000000.0,LongTermDebtCurrent,0001104659-26-037723,2026-03-31,,1366000000.0,2026-03-31,1.0,False,
KR,ltd_noncurrent,2015,56873,,2016-01-30,ok,9078000000.0,LongTermDebtNoncurrent,0001558370-17-002198,2017-03-28,CY2015Q4I,9078000000.0,2016-03-29,2.0,False,
KR,ltd_noncurrent,2016,56873,,2017-01-28,ok,11118000000.0,LongTermDebtNoncurrent,0001558370-18-003055,2018-04-18,CY2016Q4I,11118000000.0,2017-03-28,3.0,False,
KR,ltd_noncurrent,2017,56873,,2018-02-03,ok,11278000000.0,LongTermDebtNoncurrent,0001558370-19-002756,2019-04-02,CY2017Q4I,11278000000.0,2018-04-03,3.0,False,
KR,ltd_noncurrent,2018,56873,,2019-02-02,ok,11248000000.0,LongTermDebtNoncurrent,0001558370-20-003501,2020-04-01,CY2018Q4I,11248000000.0,2019-04-02,2.0,False,
KR,ltd_noncurrent,2019,56873,,2020-02-01,ok,11330000000.0,LongTermDebtNoncurrent,0001558370-21-003706,2021-03-30,CY2019Q4I,11330000000.0,2020-04-01,2.0,False,
KR,ltd_noncurrent,2020,56873,,2021-01-30,ok,11566000000.0,LongTermDebtNoncurrent,0001558370-22-004595,2022-03-29,CY2020Q4I,11566000000.0,2021-03-30,2.0,False,
KR,ltd_noncurrent,2021,56873,,2022-01-29,ok,11294000000.0,LongTermDebtNoncurrent,0001558370-23-004767,2023-03-28,CY2021Q4I,11294000000.0,2022-03-29,2.0,False,
KR,ltd_noncurrent,2022,56873,,2023-01-28,ok,10139000000.0,LongTermDebtNoncurrent,0001558370-24-004603,2024-04-02,CY2022Q4I,10139000000.0,2023-03-28,2.0,False,
KR,ltd_noncurrent,2023,56873,,2024-02-03,ok,10162000000.0,LongTermDebtNoncurrent,0001558370-25-004267,2025-04-01,CY2023Q4I,10162000000.0,2024-04-02,2.0,False,
KR,ltd_noncurrent,2024,56873,,2025-02-01,ok,15805000000.0,LongTermDebtNoncurrent,0001104659-26-037723,2026-03-31,CY2024Q4I,15805000000.0,2025-04-01,2.0,False,
KR,ltd_noncurrent,2025,56873,,2026-01-31,ok,14509000000.0,LongTermDebtNoncurrent,0001104659-26-037723,2026-03-31,,14509000000.0,2026-03-31,1.0,False,
KR,net_income,2015,56873,2015-02-01,2016-01-30,ok,2039000000.0,NetIncomeLoss,0001558370-18-003055,2018-04-18,CY2015,2039000000.0,2016-03-29,4.0,False,
KR,net_income,2016,56873,2016-01-31,2017-01-28,ok,1975000000.0,NetIncomeLoss,0001558370-19-002756,2019-04-02,CY2016,1975000000.0,2017-03-28,4.0,False,
KR,net_income,2017,56873,2017-01-29,2018-02-03,ok,1907000000.0,NetIncomeLoss,0001558370-20-003501,2020-04-01,CY2017,1907000000.0,2018-04-03,4.0,False,
KR,net_income,2018,56873,2018-02-04,2019-02-02,ok,3110000000.0,NetIncomeLoss,0001558370-21-003706,2021-03-30,CY2018,3110000000.0,2019-04-02,3.0,False,
KR,net_income,2019,56873,2019-02-03,2020-02-01,ok,1659000000.0,NetIncomeLoss,0001558370-22-004595,2022-03-29,CY2019,1659000000.0,2020-04-01,3.0,False,
KR,net_income,2020,56873,2020-02-02,2021-01-30,ok,2585000000.0,NetIncomeLoss,0001558370-23-004767,2023-03-28,CY2020,2585000000.0,2021-03-30,3.0,False,
KR,net_income,2021,56873,2021-01-31,2022-01-29,ok,1655000000.0,NetIncomeLoss,0001558370-24-004603,2024-04-02,,1655000000.0,2022-03-29,3.0,False,
KR,net_income,2022,56873,2022-01-30,2023-01-28,ok,2244000000.0,NetIncomeLoss,0001558370-25-004267,2025-04-01,,2244000000.0,2023-03-28,3.0,False,
KR,net_income,2023,56873,2023-01-29,2024-02-03,ok,2164000000.0,NetIncomeLoss,0001104659-26-037723,2026-03-31,,2164000000.0,2024-04-02,3.0,False,
KR,net_income,2024,56873,2024-02-04,2025-02-01,ok,2665000000.0,NetIncomeLoss,0001104659-26-037723,2026-03-31,,2665000000.0,2025-04-01,2.0,False,
KR,net_income,2025,56873,2025-02-02,2026-01-31,ok,1016000000.0,NetIncomeLoss,0001104659-26-037723,2026-03-31,,1016000000.0,2026-03-31,1.0,False,
KR,operating_income,2015,56873,2015-02-01,2016-01-30,ok,3576000000.0,OperatingIncomeLoss,0001558370-18-003055,2018-04-18,CY2015,3576000000.0,2016-03-29,4.0,False,
KR,operating_income,2016,56873,2016-01-31,2017-01-28,ok,3452000000.0,OperatingIncomeLoss,0001558370-19-002756,2019-04-02,CY2016,3436000000.0,2017-03-28,4.0,True,
KR,operating_income,2017,56873,2017-01-29,2018-02-03,ok,2612000000.0,OperatingIncomeLoss,0001558370-20-003501,2020-04-01,CY2017,2085000000.0,2018-04-03,4.0,True,
KR,operating_income,2018,56873,2018-02-04,2019-02-02,ok,2614000000.0,OperatingIncomeLoss,0001558370-21-003706,2021-03-30,CY2018,2614000000.0,2019-04-02,3.0,False,
KR,operating_income,2019,56873,2019-02-03,2020-02-01,ok,2251000000.0,OperatingIncomeLoss,0001558370-22-004595,2022-03-29,CY2019,2251000000.0,2020-04-01,3.0,False,
KR,operating_income,2020,56873,2020-02-02,2021-01-30,ok,2780000000.0,OperatingIncomeLoss,0001558370-23-004767,2023-03-28,CY2020,2780000000.0,2021-03-30,3.0,False,
KR,operating_income,2021,56873,2021-01-31,2022-01-29,ok,3477000000.0,OperatingIncomeLoss,0001558370-24-004603,2024-04-02,CY2021,3477000000.0,2022-03-29,3.0,False,
KR,operating_income,2022,56873,2022-01-30,2023-01-28,ok,4126000000.0,OperatingIncomeLoss,0001558370-25-004267,2025-04-01,CY2022,4126000000.0,2023-03-28,3.0,False,
KR,operating_income,2023,56873,2023-01-29,2024-02-03,ok,3096000000.0,OperatingIncomeLoss,0001104659-26-037723,2026-03-31,CY2023,3096000000.0,2024-04-02,3.0,False,
KR,operating_income,2024,56873,2024-02-04,2025-02-01,ok,3849000000.0,OperatingIncomeLoss,0001104659-26-037723,2026-03-31,CY2024,3849000000.0,2025-04-01,2.0,False,
KR,operating_income,2025,56873,2025-02-02,2026-01-31,ok,1890000000.0,OperatingIncomeLoss,0001104659-26-037723,2026-03-31,CY2025,1890000000.0,2026-03-31,1.0,False,
KR,operating_lease_current,2015,56873,,2016-01-30,not tagged,,,,,,,,,,
KR,operating_lease_current,2016,56873,,2017-01-28,not tagged,,,,,,,,,,
KR,operating_lease_current,2017,56873,,2018-02-03,not tagged,,,,,,,,,,
KR,operating_lease_current,2018,56873,,2019-02-02,not tagged,,,,,,,,,,
KR,operating_lease_current,2019,56873,,2020-02-01,ok,597000000.0,OperatingLeaseLiabilityCurrent,0001558370-21-003706,2021-03-30,CY2019Q4I,597000000.0,2020-04-01,2.0,False,
KR,operating_lease_current,2020,56873,,2021-01-30,ok,667000000.0,OperatingLeaseLiabilityCurrent,0001558370-22-004595,2022-03-29,CY2020Q4I,667000000.0,2021-03-30,2.0,False,
KR,operating_lease_current,2021,56873,,2022-01-29,ok,650000000.0,OperatingLeaseLiabilityCurrent,0001558370-23-004767,2023-03-28,CY2021Q4I,650000000.0,2022-03-29,2.0,False,
KR,operating_lease_current,2022,56873,,2023-01-28,ok,662000000.0,OperatingLeaseLiabilityCurrent,0001558370-24-004603,2024-04-02,CY2022Q4I,662000000.0,2023-03-28,2.0,False,
KR,operating_lease_current,2023,56873,,2024-02-03,ok,670000000.0,OperatingLeaseLiabilityCurrent,0001558370-25-004267,2025-04-01,CY2023Q4I,670000000.0,2024-04-02,2.0,False,
KR,operating_lease_current,2024,56873,,2025-02-01,ok,599000000.0,OperatingLeaseLiabilityCurrent,0001104659-26-037723,2026-03-31,CY2024Q4I,599000000.0,2025-04-01,2.0,False,
KR,operating_lease_current,2025,56873,,2026-01-31,ok,665000000.0,OperatingLeaseLiabilityCurrent,0001104659-26-037723,2026-03-31,,665000000.0,2026-03-31,1.0,False,
KR,operating_lease_noncurrent,2015,56873,,2016-01-30,not tagged,,,,,,,,,,
KR,operating_lease_noncurrent,2016,56873,,2017-01-28,not tagged,,,,,,,,,,
KR,operating_lease_noncurrent,2017,56873,,2018-02-03,not tagged,,,,,,,,,,
KR,operating_lease_noncurrent,2018,56873,,2019-02-02,not tagged,,,,,,,,,,
KR,operating_lease_noncurrent,2019,56873,,2020-02-01,ok,6505000000.0,OperatingLeaseLiabilityNoncurrent,0001558370-21-003706,2021-03-30,CY2019Q4I,6505000000.0,2020-04-01,2.0,False,
KR,operating_lease_noncurrent,2020,56873,,2021-01-30,ok,6507000000.0,OperatingLeaseLiabilityNoncurrent,0001558370-22-004595,2022-03-29,CY2020Q4I,6507000000.0,2021-03-30,2.0,False,
KR,operating_lease_noncurrent,2021,56873,,2022-01-29,ok,6426000000.0,OperatingLeaseLiabilityNoncurrent,0001558370-23-004767,2023-03-28,CY2021Q4I,6426000000.0,2022-03-29,2.0,False,
KR,operating_lease_noncurrent,2022,56873,,2023-01-28,ok,6372000000.0,OperatingLeaseLiabilityNoncurrent,0001558370-24-004603,2024-04-02,CY2022Q4I,6372000000.0,2023-03-28,2.0,False,
KR,operating_lease_noncurrent,2023,56873,,2024-02-03,ok,6351000000.0,OperatingLeaseLiabilityNoncurrent,0001558370-25-004267,2025-04-01,CY2023Q4I,6351000000.0,2024-04-02,2.0,False,
KR,operating_lease_noncurrent,2024,56873,,2025-02-01,ok,6578000000.0,OperatingLeaseLiabilityNoncurrent,0001104659-26-037723,2026-03-31,CY2024Q4I,6578000000.0,2025-04-01,2.0,False,
KR,operating_lease_noncurrent,2025,56873,,2026-01-31,ok,6461000000.0,OperatingLeaseLiabilityNoncurrent,0001104659-26-037723,2026-03-31,,6461000000.0,2026-03-31,1.0,False,
KR,operating_lease_total,2015,56873,,2016-01-30,not tagged,,,,,,,,,,
KR,operating_lease_total,2016,56873,,2017-01-28,not tagged,,,,,,,,,,
KR,operating_lease_total,2017,56873,,2018-02-03,not tagged,,,,,,,,,,
KR,operating_lease_total,2018,56873,,2019-02-02,not tagged,,,,,,,,,,
KR,operating_lease_total,2019,56873,,2020-02-01,ok,7102000000.0,OperatingLeaseLiability,0001558370-20-003501,2020-04-01,CY2019Q4I,7102000000.0,2020-04-01,1.0,False,
KR,operating_lease_total,2020,56873,,2021-01-30,ok,7174000000.0,OperatingLeaseLiability,0001558370-21-003706,2021-03-30,CY2020Q4I,7174000000.0,2021-03-30,1.0,False,
KR,operating_lease_total,2021,56873,,2022-01-29,ok,7076000000.0,OperatingLeaseLiability,0001558370-22-004595,2022-03-29,CY2021Q4I,7076000000.0,2022-03-29,1.0,False,
KR,operating_lease_total,2022,56873,,2023-01-28,ok,7034000000.0,OperatingLeaseLiability,0001558370-23-004767,2023-03-28,CY2022Q4I,7034000000.0,2023-03-28,1.0,False,
KR,operating_lease_total,2023,56873,,2024-02-03,ok,7021000000.0,OperatingLeaseLiability,0001558370-24-004603,2024-04-02,CY2023Q4I,7021000000.0,2024-04-02,1.0,False,
KR,operating_lease_total,2024,56873,,2025-02-01,ok,7177000000.0,OperatingLeaseLiability,0001558370-25-004267,2025-04-01,CY2024Q4I,7177000000.0,2025-04-01,1.0,False,
KR,operating_lease_total,2025,56873,,2026-01-31,ok,7126000000.0,OperatingLeaseLiability,0001104659-26-037723,2026-03-31,CY2025Q4I,7126000000.0,2026-03-31,1.0,False,
KR,revenue,2015,56873,2015-02-01,2016-01-30,ok,109830000000.0,SalesRevenueGoodsNet,0001558370-18-003055,2018-04-18,CY2015,109830000000.0,2016-03-29,4.0,False,
KR,revenue,2016,56873,2016-01-31,2017-01-28,ok,115337000000.0,RevenueFromContractWithCustomerExcludingAssessedTax,0001558370-19-002756,2019-04-02,CY2016,115337000000.0,2019-04-02,1.0,False,
KR,revenue,2017,56873,2017-01-29,2018-02-03,ok,123280000000.0,RevenueFromContractWithCustomerExcludingAssessedTax,0001558370-20-003501,2020-04-01,CY2017,122662000000.0,2019-04-02,2.0,True,
KR,revenue,2018,56873,2018-02-04,2019-02-02,ok,121852000000.0,RevenueFromContractWithCustomerExcludingAssessedTax,0001558370-21-003706,2021-03-30,CY2018,121162000000.0,2019-04-02,3.0,True,
KR,revenue,2019,56873,2019-02-03,2020-02-01,ok,122286000000.0,RevenueFromContractWithCustomerExcludingAssessedTax,0001558370-22-004595,2022-03-29,CY2019,122286000000.0,2020-04-01,3.0,False,
KR,revenue,2020,56873,2020-02-02,2021-01-30,ok,132498000000.0,RevenueFromContractWithCustomerExcludingAssessedTax,0001558370-23-004767,2023-03-28,CY2020,132498000000.0,2021-03-30,3.0,False,
KR,revenue,2021,56873,2021-01-31,2022-01-29,ok,137888000000.0,RevenueFromContractWithCustomerExcludingAssessedTax,0001558370-24-004603,2024-04-02,CY2021,137888000000.0,2022-03-29,3.0,False,
KR,revenue,2022,56873,2022-01-30,2023-01-28,ok,148258000000.0,RevenueFromContractWithCustomerExcludingAssessedTax,0001558370-25-004267,2025-04-01,CY2022,148258000000.0,2023-03-28,3.0,False,
KR,revenue,2023,56873,2023-01-29,2024-02-03,ok,150039000000.0,RevenueFromContractWithCustomerExcludingAssessedTax,0001104659-26-037723,2026-03-31,CY2023,150039000000.0,2024-04-02,3.0,False,
KR,revenue,2024,56873,2024-02-04,2025-02-01,ok,147123000000.0,RevenueFromContractWithCustomerExcludingAssessedTax,0001104659-26-037723,2026-03-31,CY2024,147123000000.0,2025-04-01,2.0,False,
KR,revenue,2025,56873,2025-02-02,2026-01-31,ok,147642000000.0,RevenueFromContractWithCustomerExcludingAssessedTax,0001104659-26-037723,2026-03-31,CY2025,147642000000.0,2026-03-31,1.0,False,
KR,short_term_borrowings,2015,56873,,2016-01-30,not tagged,,,,,,,,,,
KR,short_term_borrowings,2016,56873,,2017-01-28,not tagged,,,,,,,,,,
KR,short_term_borrowings,2017,56873,,2018-02-03,not tagged,,,,,,,,,,
KR,short_term_borrowings,2018,56873,,2019-02-02,not tagged,,,,,,,,,,
KR,short_term_borrowings,2019,56873,,2020-02-01,not tagged,,,,,,,,,,
KR,short_term_borrowings,2020,56873,,2021-01-30,not tagged,,,,,,,,,,
KR,short_term_borrowings,2021,56873,,2022-01-29,not tagged,,,,,,,,,,
KR,short_term_borrowings,2022,56873,,2023-01-28,not tagged,,,,,,,,,,
KR,short_term_borrowings,2023,56873,,2024-02-03,not tagged,,,,,,,,,,
KR,short_term_borrowings,2024,56873,,2025-02-01,not tagged,,,,,,,,,,
KR,short_term_borrowings,2025,56873,,2026-01-31,not tagged,,,,,,,,,,
KR,total_assets,2015,56873,,2016-01-30,ok,33897000000.0,Assets,0001558370-17-002198,2017-03-28,CY2015Q4I,33897000000.0,2016-03-29,2.0,False,
KR,total_assets,2016,56873,,2017-01-28,ok,36505000000.0,Assets,0001558370-18-003055,2018-04-18,CY2016Q4I,36505000000.0,2017-03-28,3.0,False,
KR,total_assets,2017,56873,,2018-02-03,ok,37197000000.0,Assets,0001558370-19-002756,2019-04-02,CY2017Q4I,37197000000.0,2018-04-03,3.0,False,
KR,total_assets,2018,56873,,2019-02-02,ok,38118000000.0,Assets,0001558370-20-003501,2020-04-01,CY2018Q4I,38118000000.0,2019-04-02,2.0,False,
KR,total_assets,2019,56873,,2020-02-01,ok,45256000000.0,Assets,0001558370-21-003706,2021-03-30,CY2019Q4I,45256000000.0,2020-04-01,2.0,False,
KR,total_assets,2020,56873,,2021-01-30,ok,48662000000.0,Assets,0001558370-22-004595,2022-03-29,CY2020Q4I,48662000000.0,2021-03-30,2.0,False,
KR,total_assets,2021,56873,,2022-01-29,ok,49086000000.0,Assets,0001558370-23-004767,2023-03-28,CY2021Q4I,49086000000.0,2022-03-29,2.0,False,
KR,total_assets,2022,56873,,2023-01-28,ok,49623000000.0,Assets,0001558370-24-004603,2024-04-02,CY2022Q4I,49623000000.0,2023-03-28,2.0,False,
KR,total_assets,2023,56873,,2024-02-03,ok,50505000000.0,Assets,0001558370-25-004267,2025-04-01,CY2023Q4I,50505000000.0,2024-04-02,2.0,False,
KR,total_assets,2024,56873,,2025-02-01,ok,52616000000.0,Assets,0001104659-26-037723,2026-03-31,CY2024Q4I,52616000000.0,2025-04-01,2.0,False,
KR,total_assets,2025,56873,,2026-01-31,ok,49953000000.0,Assets,0001104659-26-037723,2026-03-31,,49953000000.0,2026-03-31,1.0,False,
KR,total_equity,2015,56873,,2016-01-30,ok,6798000000.0,StockholdersEquityIncludingPortionAttributableToNoncontrollingInterest,0001558370-19-002756,2019-04-02,CY2015Q4I,6798000000.0,2016-03-29,5.0,False,
KR,total_equity,2016,56873,,2017-01-28,ok,6710000000.0,StockholdersEquityIncludingPortionAttributableToNoncontrollingInterest,0001558370-20-003501,2020-04-01,CY2016Q4I,6710000000.0,2017-03-28,5.0,False,
KR,total_equity,2017,56873,,2018-02-03,ok,6905000000.0,StockholdersEquityIncludingPortionAttributableToNoncontrollingInterest,0001558370-21-003706,2021-03-30,CY2017Q4I,6905000000.0,2018-04-03,5.0,False,
KR,total_equity,2018,56873,,2019-02-02,ok,7835000000.0,StockholdersEquityIncludingPortionAttributableToNoncontrollingInterest,0001558370-22-004595,2022-03-29,CY2018Q4I,7835000000.0,2019-04-02,4.0,False,
KR,total_equity,2019,56873,,2020-02-01,ok,8573000000.0,StockholdersEquityIncludingPortionAttributableToNoncontrollingInterest,0001558370-23-004767,2023-03-28,CY2019Q4I,8573000000.0,2020-04-01,4.0,False,
KR,total_equity,2020,56873,,2021-01-30,ok,9550000000.0,StockholdersEquityIncludingPortionAttributableToNoncontrollingInterest,0001558370-24-004603,2024-04-02,CY2020Q4I,9550000000.0,2021-03-30,4.0,False,
KR,total_equity,2021,56873,,2022-01-29,ok,9429000000.0,StockholdersEquityIncludingPortionAttributableToNoncontrollingInterest,0001558370-25-004267,2025-04-01,CY2021Q4I,9429000000.0,2022-03-29,4.0,False,
KR,total_equity,2022,56873,,2023-01-28,ok,10014000000.0,StockholdersEquityIncludingPortionAttributableToNoncontrollingInterest,0001104659-26-037723,2026-03-31,CY2022Q4I,10014000000.0,2023-03-28,4.0,False,
KR,total_equity,2023,56873,,2024-02-03,ok,11601000000.0,StockholdersEquityIncludingPortionAttributableToNoncontrollingInterest,0001104659-26-037723,2026-03-31,CY2023Q4I,11601000000.0,2024-04-02,3.0,False,
KR,total_equity,2024,56873,,2025-02-01,ok,8281000000.0,StockholdersEquityIncludingPortionAttributableToNoncontrollingInterest,0001104659-26-037723,2026-03-31,,8281000000.0,2025-04-01,2.0,False,
KR,total_equity,2025,56873,,2026-01-31,ok,5936000000.0,StockholdersEquityIncludingPortionAttributableToNoncontrollingInterest,0001104659-26-037723,2026-03-31,,5936000000.0,2026-03-31,1.0,False,
WFM,cost_of_sales,2015,865436,2014-09-29,2015-09-27,derived,9973000000.0,SalesRevenueNet - GrossProfit,0000865436-17-000238,2017-11-17,,,,,,"COGS = 15,389 - 5,416 = 9,973. Includes occupancy costs (see Methodology). Base year only."
WFM,cost_of_sales,2016,865436,2015-09-28,2016-09-25,derived,10313000000.0,SalesRevenueNet - GrossProfit,0000865436-17-000238,2017-11-17,,,,,,"Whole Foods tagged Sales and Gross Profit but not its 'Cost of goods sold and occupancy costs' line; COGS = 15,724 - 5,411 = 10,313. Includes occupancy costs (see Methodology)."
WFM,cost_of_sales,2017,865436,2016-09-26,2017-09-24,derived,10633000000.0,SalesRevenueNet - GrossProfit,0000865436-17-000238,2017-11-17,,,,,,"COGS = 16,030 - 5,397 = 10,633. NOTE: Whole Foods' cost line includes occupancy costs, which depresses gross margin vs peers; flagged on Methodology tab."
WFM,cost_of_sales,2018,865436,,,no 10-K period,,,,,,,,,,
WFM,cost_of_sales,2019,865436,,,no 10-K period,,,,,,,,,,
WFM,cost_of_sales,2020,865436,,,no 10-K period,,,,,,,,,,
WFM,cost_of_sales,2021,865436,,,no 10-K period,,,,,,,,,,
WFM,cost_of_sales,2022,865436,,,no 10-K period,,,,,,,,,,
WFM,cost_of_sales,2023,865436,,,no 10-K period,,,,,,,,,,
WFM,cost_of_sales,2024,865436,,,no 10-K period,,,,,,,,,,
WFM,cost_of_sales,2025,865436,,,no 10-K period,,,,,,,,,,
WFM,current_assets,2015,865436,,2015-09-27,ok,1544000000.0,AssetsCurrent,0000865436-16-000366,2016-11-18,CY2015Q3I,1544000000.0,2015-11-13,2.0,False,
WFM,current_assets,2016,865436,,2016-09-25,ok,1975000000.0,AssetsCurrent,0000865436-17-000238,2017-11-17,CY2016Q3I,1975000000.0,2016-11-18,2.0,False,
WFM,current_assets,2017,865436,,2017-09-24,ok,2145000000.0,AssetsCurrent,0000865436-17-000238,2017-11-17,CY2017Q3I,2145000000.0,2017-11-17,1.0,False,
WFM,current_assets,2018,865436,,,no 10-K period,,,,,,,,,,
WFM,current_assets,2019,865436,,,no 10-K period,,,,,,,,,,
WFM,current_assets,2020,865436,,,no 10-K period,,,,,,,,,,
WFM,current_assets,2021,865436,,,no 10-K period,,,,,,,,,,
WFM,current_assets,2022,865436,,,no 10-K period,,,,,,,,,,
WFM,current_assets,2023,865436,,,no 10-K period,,,,,,,,,,
WFM,current_assets,2024,865436,,,no 10-K period,,,,,,,,,,
WFM,current_assets,2025,865436,,,no 10-K period,,,,,,,,,,
WFM,current_liabilities,2015,865436,,2015-09-27,ok,1252000000.0,LiabilitiesCurrent,0000865436-16-000366,2016-11-18,CY2015Q3I,1252000000.0,2015-11-13,2.0,False,
WFM,current_liabilities,2016,865436,,2016-09-25,ok,1341000000.0,LiabilitiesCurrent,0000865436-17-000238,2017-11-17,CY2016Q3I,1341000000.0,2016-11-18,2.0,False,
WFM,current_liabilities,2017,865436,,2017-09-24,ok,1355000000.0,LiabilitiesCurrent,0000865436-17-000238,2017-11-17,CY2017Q3I,1355000000.0,2017-11-17,1.0,False,
WFM,current_liabilities,2018,865436,,,no 10-K period,,,,,,,,,,
WFM,current_liabilities,2019,865436,,,no 10-K period,,,,,,,,,,
WFM,current_liabilities,2020,865436,,,no 10-K period,,,,,,,,,,
WFM,current_liabilities,2021,865436,,,no 10-K period,,,,,,,,,,
WFM,current_liabilities,2022,865436,,,no 10-K period,,,,,,,,,,
WFM,current_liabilities,2023,865436,,,no 10-K period,,,,,,,,,,
WFM,current_liabilities,2024,865436,,,no 10-K period,,,,,,,,,,
WFM,current_liabilities,2025,865436,,,no 10-K period,,,,,,,,,,
WFM,equity_parent_only,2015,865436,,2015-09-27,ok,3769000000.0,StockholdersEquity,0000865436-17-000238,2017-11-17,CY2015Q3I,3769000000.0,2015-11-13,3.0,False,
WFM,equity_parent_only,2016,865436,,2016-09-25,ok,3224000000.0,StockholdersEquity,0000865436-17-000238,2017-11-17,CY2016Q3I,3224000000.0,2016-11-18,2.0,False,
WFM,equity_parent_only,2017,865436,,2017-09-24,ok,3430000000.0,StockholdersEquity,0000865436-17-000238,2017-11-17,CY2017Q3I,3430000000.0,2017-11-17,1.0,False,
WFM,equity_parent_only,2018,865436,,,no 10-K period,,,,,,,,,,
WFM,equity_parent_only,2019,865436,,,no 10-K period,,,,,,,,,,
WFM,equity_parent_only,2020,865436,,,no 10-K period,,,,,,,,,,
WFM,equity_parent_only,2021,865436,,,no 10-K period,,,,,,,,,,
WFM,equity_parent_only,2022,865436,,,no 10-K period,,,,,,,,,,
WFM,equity_parent_only,2023,865436,,,no 10-K period,,,,,,,,,,
WFM,equity_parent_only,2024,865436,,,no 10-K period,,,,,,,,,,
WFM,equity_parent_only,2025,865436,,,no 10-K period,,,,,,,,,,
WFM,finance_lease_current,2015,865436,,2015-09-27,ok,3000000.0,CapitalLeaseObligationsCurrent,0000865436-16-000366,2016-11-18,CY2015Q3I,3000000.0,2015-11-13,2.0,False,
WFM,finance_lease_current,2016,865436,,2016-09-25,ok,3000000.0,CapitalLeaseObligationsCurrent,0000865436-16-000366,2016-11-18,CY2016Q3I,3000000.0,2016-11-18,1.0,False,
WFM,finance_lease_current,2017,865436,,2017-09-24,not tagged,,,,,,,,,,
WFM,finance_lease_current,2018,865436,,,no 10-K period,,,,,,,,,,
WFM,finance_lease_current,2019,865436,,,no 10-K period,,,,,,,,,,
WFM,finance_lease_current,2020,865436,,,no 10-K period,,,,,,,,,,
WFM,finance_lease_current,2021,865436,,,no 10-K period,,,,,,,,,,
WFM,finance_lease_current,2022,865436,,,no 10-K period,,,,,,,,,,
WFM,finance_lease_current,2023,865436,,,no 10-K period,,,,,,,,,,
WFM,finance_lease_current,2024,865436,,,no 10-K period,,,,,,,,,,
WFM,finance_lease_current,2025,865436,,,no 10-K period,,,,,,,,,,
WFM,finance_lease_noncurrent,2015,865436,,2015-09-27,ok,62000000.0,CapitalLeaseObligationsNoncurrent,0000865436-16-000366,2016-11-18,CY2015Q3I,62000000.0,2015-11-13,2.0,False,
WFM,finance_lease_noncurrent,2016,865436,,2016-09-25,ok,1048000000.0,CapitalLeaseObligationsNoncurrent,0000865436-16-000366,2016-11-18,CY2016Q3I,1048000000.0,2016-11-18,1.0,False,
WFM,finance_lease_noncurrent,2017,865436,,2017-09-24,not tagged,,,,,,,,,,
WFM,finance_lease_noncurrent,2018,865436,,,no 10-K period,,,,,,,,,,
WFM,finance_lease_noncurrent,2019,865436,,,no 10-K period,,,,,,,,,,
WFM,finance_lease_noncurrent,2020,865436,,,no 10-K period,,,,,,,,,,
WFM,finance_lease_noncurrent,2021,865436,,,no 10-K period,,,,,,,,,,
WFM,finance_lease_noncurrent,2022,865436,,,no 10-K period,,,,,,,,,,
WFM,finance_lease_noncurrent,2023,865436,,,no 10-K period,,,,,,,,,,
WFM,finance_lease_noncurrent,2024,865436,,,no 10-K period,,,,,,,,,,
WFM,finance_lease_noncurrent,2025,865436,,,no 10-K period,,,,,,,,,,
WFM,finance_lease_total,2015,865436,,2015-09-27,ok,65000000.0,CapitalLeaseObligations,0000865436-16-000366,2016-11-18,CY2015Q3I,65000000.0,2015-11-13,2.0,False,
WFM,finance_lease_total,2016,865436,,2016-09-25,ok,58000000.0,CapitalLeaseObligations,0000865436-17-000238,2017-11-17,CY2016Q3I,58000000.0,2016-11-18,2.0,False,
WFM,finance_lease_total,2017,865436,,2017-09-24,ok,90000000.0,CapitalLeaseObligations,0000865436-17-000238,2017-11-17,CY2017Q3I,90000000.0,2017-11-17,1.0,False,
WFM,finance_lease_total,2018,865436,,,no 10-K period,,,,,,,,,,
WFM,finance_lease_total,2019,865436,,,no 10-K period,,,,,,,,,,
WFM,finance_lease_total,2020,865436,,,no 10-K period,,,,,,,,,,
WFM,finance_lease_total,2021,865436,,,no 10-K period,,,,,,,,,,
WFM,finance_lease_total,2022,865436,,,no 10-K period,,,,,,,,,,
WFM,finance_lease_total,2023,865436,,,no 10-K period,,,,,,,,,,
WFM,finance_lease_total,2024,865436,,,no 10-K period,,,,,,,,,,
WFM,finance_lease_total,2025,865436,,,no 10-K period,,,,,,,,,,
WFM,inventory,2015,865436,,2015-09-27,ok,500000000.0,InventoryNet,0000865436-16-000366,2016-11-18,CY2015Q3I,500000000.0,2015-11-13,2.0,False,
WFM,inventory,2016,865436,,2016-09-25,ok,517000000.0,InventoryNet,0000865436-17-000238,2017-11-17,CY2016Q3I,517000000.0,2016-11-18,2.0,False,
WFM,inventory,2017,865436,,2017-09-24,ok,471000000.0,InventoryNet,0000865436-17-000238,2017-11-17,CY2017Q3I,471000000.0,2017-11-17,1.0,False,
WFM,inventory,2018,865436,,,no 10-K period,,,,,,,,,,
WFM,inventory,2019,865436,,,no 10-K period,,,,,,,,,,
WFM,inventory,2020,865436,,,no 10-K period,,,,,,,,,,
WFM,inventory,2021,865436,,,no 10-K period,,,,,,,,,,
WFM,inventory,2022,865436,,,no 10-K period,,,,,,,,,,
WFM,inventory,2023,865436,,,no 10-K period,,,,,,,,,,
WFM,inventory,2024,865436,,,no 10-K period,,,,,,,,,,
WFM,inventory,2025,865436,,,no 10-K period,,,,,,,,,,
WFM,lifo_reserve,2015,865436,,2015-09-27,ok,49000000.0,InventoryLIFOReserve,0000865436-16-000366,2016-11-18,CY2015Q3I,49000000.0,2015-11-13,2.0,False,
WFM,lifo_reserve,2016,865436,,2016-09-25,ok,42000000.0,InventoryLIFOReserve,0000865436-17-000238,2017-11-17,CY2016Q3I,42000000.0,2016-11-18,2.0,False,
WFM,lifo_reserve,2017,865436,,2017-09-24,ok,47000000.0,InventoryLIFOReserve,0000865436-17-000238,2017-11-17,CY2017Q3I,47000000.0,2017-11-17,1.0,False,
WFM,lifo_reserve,2018,865436,,,no 10-K period,,,,,,,,,,
WFM,lifo_reserve,2019,865436,,,no 10-K period,,,,,,,,,,
WFM,lifo_reserve,2020,865436,,,no 10-K period,,,,,,,,,,
WFM,lifo_reserve,2021,865436,,,no 10-K period,,,,,,,,,,
WFM,lifo_reserve,2022,865436,,,no 10-K period,,,,,,,,,,
WFM,lifo_reserve,2023,865436,,,no 10-K period,,,,,,,,,,
WFM,lifo_reserve,2024,865436,,,no 10-K period,,,,,,,,,,
WFM,lifo_reserve,2025,865436,,,no 10-K period,,,,,,,,,,
WFM,ltd_and_leases_current,2015,865436,,2015-09-27,ok,3000000.0,LongTermDebtAndCapitalLeaseObligationsCurrent,0000865436-16-000366,2016-11-18,CY2015Q3I,3000000.0,2016-11-18,1.0,False,
WFM,ltd_and_leases_current,2016,865436,,2016-09-25,ok,3000000.0,LongTermDebtAndCapitalLeaseObligationsCurrent,0000865436-17-000238,2017-11-17,CY2016Q3I,3000000.0,2016-11-18,2.0,False,
WFM,ltd_and_leases_current,2017,865436,,2017-09-24,ok,2000000.0,LongTermDebtAndCapitalLeaseObligationsCurrent,0000865436-17-000238,2017-11-17,CY2017Q3I,2000000.0,2017-11-17,1.0,False,
WFM,ltd_and_leases_current,2018,865436,,,no 10-K period,,,,,,,,,,
WFM,ltd_and_leases_current,2019,865436,,,no 10-K period,,,,,,,,,,
WFM,ltd_and_leases_current,2020,865436,,,no 10-K period,,,,,,,,,,
WFM,ltd_and_leases_current,2021,865436,,,no 10-K period,,,,,,,,,,
WFM,ltd_and_leases_current,2022,865436,,,no 10-K period,,,,,,,,,,
WFM,ltd_and_leases_current,2023,865436,,,no 10-K period,,,,,,,,,,
WFM,ltd_and_leases_current,2024,865436,,,no 10-K period,,,,,,,,,,
WFM,ltd_and_leases_current,2025,865436,,,no 10-K period,,,,,,,,,,
WFM,ltd_and_leases_noncurrent,2015,865436,,2015-09-27,ok,62000000.0,LongTermDebtAndCapitalLeaseObligations,0000865436-16-000366,2016-11-18,CY2015Q3I,62000000.0,2016-11-18,1.0,False,
WFM,ltd_and_leases_noncurrent,2016,865436,,2016-09-25,ok,1048000000.0,LongTermDebtAndCapitalLeaseObligations,0000865436-17-000238,2017-11-17,CY2016Q3I,1048000000.0,2016-11-18,2.0,False,
WFM,ltd_and_leases_noncurrent,2017,865436,,2017-09-24,ok,1081000000.0,LongTermDebtAndCapitalLeaseObligations,0000865436-17-000238,2017-11-17,CY2017Q3I,1081000000.0,2017-11-17,1.0,False,
WFM,ltd_and_leases_noncurrent,2018,865436,,,no 10-K period,,,,,,,,,,
WFM,ltd_and_leases_noncurrent,2019,865436,,,no 10-K period,,,,,,,,,,
WFM,ltd_and_leases_noncurrent,2020,865436,,,no 10-K period,,,,,,,,,,
WFM,ltd_and_leases_noncurrent,2021,865436,,,no 10-K period,,,,,,,,,,
WFM,ltd_and_leases_noncurrent,2022,865436,,,no 10-K period,,,,,,,,,,
WFM,ltd_and_leases_noncurrent,2023,865436,,,no 10-K period,,,,,,,,,,
WFM,ltd_and_leases_noncurrent,2024,865436,,,no 10-K period,,,,,,,,,,
WFM,ltd_and_leases_noncurrent,2025,865436,,,no 10-K period,,,,,,,,,,
WFM,ltd_current,2015,865436,,2015-09-27,not tagged,,,,,,,,,,
WFM,ltd_current,2016,865436,,2016-09-25,not tagged,,,,,,,,,,
WFM,ltd_current,2017,865436,,2017-09-24,not tagged,,,,,,,,,,
WFM,ltd_current,2018,865436,,,no 10-K period,,,,,,,,,,
WFM,ltd_current,2019,865436,,,no 10-K period,,,,,,,,,,
WFM,ltd_current,2020,865436,,,no 10-K period,,,,,,,,,,
WFM,ltd_current,2021,865436,,,no 10-K period,,,,,,,,,,
WFM,ltd_current,2022,865436,,,no 10-K period,,,,,,,,,,
WFM,ltd_current,2023,865436,,,no 10-K period,,,,,,,,,,
WFM,ltd_current,2024,865436,,,no 10-K period,,,,,,,,,,
WFM,ltd_current,2025,865436,,,no 10-K period,,,,,,,,,,
WFM,ltd_noncurrent,2015,865436,,2015-09-27,not tagged,,,,,,,,,,
WFM,ltd_noncurrent,2016,865436,,2016-09-25,not tagged,,,,,,,,,,
WFM,ltd_noncurrent,2017,865436,,2017-09-24,not tagged,,,,,,,,,,
WFM,ltd_noncurrent,2018,865436,,,no 10-K period,,,,,,,,,,
WFM,ltd_noncurrent,2019,865436,,,no 10-K period,,,,,,,,,,
WFM,ltd_noncurrent,2020,865436,,,no 10-K period,,,,,,,,,,
WFM,ltd_noncurrent,2021,865436,,,no 10-K period,,,,,,,,,,
WFM,ltd_noncurrent,2022,865436,,,no 10-K period,,,,,,,,,,
WFM,ltd_noncurrent,2023,865436,,,no 10-K period,,,,,,,,,,
WFM,ltd_noncurrent,2024,865436,,,no 10-K period,,,,,,,,,,
WFM,ltd_noncurrent,2025,865436,,,no 10-K period,,,,,,,,,,
WFM,net_income,2015,865436,2014-09-29,2015-09-27,ok,536000000.0,NetIncomeLoss,0000865436-17-000238,2017-11-17,CY2015,536000000.0,2015-11-13,3.0,False,
WFM,net_income,2016,865436,2015-09-28,2016-09-25,ok,507000000.0,NetIncomeLoss,0000865436-17-000238,2017-11-17,CY2016,507000000.0,2016-11-18,2.0,False,
WFM,net_income,2017,865436,2016-09-26,2017-09-24,ok,245000000.0,NetIncomeLoss,0000865436-17-000238,2017-11-17,CY2017,245000000.0,2017-11-17,1.0,False,
WFM,net_income,2018,865436,,,no 10-K period,,,,,,,,,,
WFM,net_income,2019,865436,,,no 10-K period,,,,,,,,,,
WFM,net_income,2020,865436,,,no 10-K period,,,,,,,,,,
WFM,net_income,2021,865436,,,no 10-K period,,,,,,,,,,
WFM,net_income,2022,865436,,,no 10-K period,,,,,,,,,,
WFM,net_income,2023,865436,,,no 10-K period,,,,,,,,,,
WFM,net_income,2024,865436,,,no 10-K period,,,,,,,,,,
WFM,net_income,2025,865436,,,no 10-K period,,,,,,,,,,
WFM,operating_income,2015,865436,2014-09-29,2015-09-27,ok,861000000.0,OperatingIncomeLoss,0000865436-17-000238,2017-11-17,CY2015,861000000.0,2015-11-13,3.0,False,
WFM,operating_income,2016,865436,2015-09-28,2016-09-25,ok,857000000.0,OperatingIncomeLoss,0000865436-17-000238,2017-11-17,CY2016,857000000.0,2016-11-18,2.0,False,
WFM,operating_income,2017,865436,2016-09-26,2017-09-24,ok,459000000.0,OperatingIncomeLoss,0000865436-17-000238,2017-11-17,CY2017,459000000.0,2017-11-17,1.0,False,
WFM,operating_income,2018,865436,,,no 10-K period,,,,,,,,,,
WFM,operating_income,2019,865436,,,no 10-K period,,,,,,,,,,
WFM,operating_income,2020,865436,,,no 10-K period,,,,,,,,,,
WFM,operating_income,2021,865436,,,no 10-K period,,,,,,,,,,
WFM,operating_income,2022,865436,,,no 10-K period,,,,,,,,,,
WFM,operating_income,2023,865436,,,no 10-K period,,,,,,,,,,
WFM,operating_income,2024,865436,,,no 10-K period,,,,,,,,,,
WFM,operating_income,2025,865436,,,no 10-K period,,,,,,,,,,
WFM,operating_lease_current,2015,865436,,2015-09-27,not tagged,,,,,,,,,,
WFM,operating_lease_current,2016,865436,,2016-09-25,not tagged,,,,,,,,,,
WFM,operating_lease_current,2017,865436,,2017-09-24,not tagged,,,,,,,,,,
WFM,operating_lease_current,2018,865436,,,no 10-K period,,,,,,,,,,
WFM,operating_lease_current,2019,865436,,,no 10-K period,,,,,,,,,,
WFM,operating_lease_current,2020,865436,,,no 10-K period,,,,,,,,,,
WFM,operating_lease_current,2021,865436,,,no 10-K period,,,,,,,,,,
WFM,operating_lease_current,2022,865436,,,no 10-K period,,,,,,,,,,
WFM,operating_lease_current,2023,865436,,,no 10-K period,,,,,,,,,,
WFM,operating_lease_current,2024,865436,,,no 10-K period,,,,,,,,,,
WFM,operating_lease_current,2025,865436,,,no 10-K period,,,,,,,,,,
WFM,operating_lease_noncurrent,2015,865436,,2015-09-27,not tagged,,,,,,,,,,
WFM,operating_lease_noncurrent,2016,865436,,2016-09-25,not tagged,,,,,,,,,,
WFM,operating_lease_noncurrent,2017,865436,,2017-09-24,not tagged,,,,,,,,,,
WFM,operating_lease_noncurrent,2018,865436,,,no 10-K period,,,,,,,,,,
WFM,operating_lease_noncurrent,2019,865436,,,no 10-K period,,,,,,,,,,
WFM,operating_lease_noncurrent,2020,865436,,,no 10-K period,,,,,,,,,,
WFM,operating_lease_noncurrent,2021,865436,,,no 10-K period,,,,,,,,,,
WFM,operating_lease_noncurrent,2022,865436,,,no 10-K period,,,,,,,,,,
WFM,operating_lease_noncurrent,2023,865436,,,no 10-K period,,,,,,,,,,
WFM,operating_lease_noncurrent,2024,865436,,,no 10-K period,,,,,,,,,,
WFM,operating_lease_noncurrent,2025,865436,,,no 10-K period,,,,,,,,,,
WFM,operating_lease_total,2015,865436,,2015-09-27,not tagged,,,,,,,,,,
WFM,operating_lease_total,2016,865436,,2016-09-25,not tagged,,,,,,,,,,
WFM,operating_lease_total,2017,865436,,2017-09-24,not tagged,,,,,,,,,,
WFM,operating_lease_total,2018,865436,,,no 10-K period,,,,,,,,,,
WFM,operating_lease_total,2019,865436,,,no 10-K period,,,,,,,,,,
WFM,operating_lease_total,2020,865436,,,no 10-K period,,,,,,,,,,
WFM,operating_lease_total,2021,865436,,,no 10-K period,,,,,,,,,,
WFM,operating_lease_total,2022,865436,,,no 10-K period,,,,,,,,,,
WFM,operating_lease_total,2023,865436,,,no 10-K period,,,,,,,,,,
WFM,operating_lease_total,2024,865436,,,no 10-K period,,,,,,,,,,
WFM,operating_lease_total,2025,865436,,,no 10-K period,,,,,,,,,,
WFM,revenue,2015,865436,2014-09-29,2015-09-27,ok,15389000000.0,SalesRevenueNet,0000865436-17-000238,2017-11-17,CY2015,15389000000.0,2015-11-13,3.0,False,
WFM,revenue,2016,865436,2015-09-28,2016-09-25,ok,15724000000.0,SalesRevenueNet,0000865436-17-000238,2017-11-17,CY2016,15724000000.0,2016-11-18,2.0,False,
WFM,revenue,2017,865436,2016-09-26,2017-09-24,ok,16030000000.0,SalesRevenueNet,0000865436-17-000238,2017-11-17,CY2017,16030000000.0,2017-11-17,1.0,False,
WFM,revenue,2018,865436,,,no 10-K period,,,,,,,,,,
WFM,revenue,2019,865436,,,no 10-K period,,,,,,,,,,
WFM,revenue,2020,865436,,,no 10-K period,,,,,,,,,,
WFM,revenue,2021,865436,,,no 10-K period,,,,,,,,,,
WFM,revenue,2022,865436,,,no 10-K period,,,,,,,,,,
WFM,revenue,2023,865436,,,no 10-K period,,,,,,,,,,
WFM,revenue,2024,865436,,,no 10-K period,,,,,,,,,,
WFM,revenue,2025,865436,,,no 10-K period,,,,,,,,,,
WFM,short_term_borrowings,2015,865436,,2015-09-27,not tagged,,,,,,,,,,
WFM,short_term_borrowings,2016,865436,,2016-09-25,not tagged,,,,,,,,,,
WFM,short_term_borrowings,2017,865436,,2017-09-24,not tagged,,,,,,,,,,
WFM,short_term_borrowings,2018,865436,,,no 10-K period,,,,,,,,,,
WFM,short_term_borrowings,2019,865436,,,no 10-K period,,,,,,,,,,
WFM,short_term_borrowings,2020,865436,,,no 10-K period,,,,,,,,,,
WFM,short_term_borrowings,2021,865436,,,no 10-K period,,,,,,,,,,
WFM,short_term_borrowings,2022,865436,,,no 10-K period,,,,,,,,,,
WFM,short_term_borrowings,2023,865436,,,no 10-K period,,,,,,,,,,
WFM,short_term_borrowings,2024,865436,,,no 10-K period,,,,,,,,,,
WFM,short_term_borrowings,2025,865436,,,no 10-K period,,,,,,,,,,
WFM,total_assets,2015,865436,,2015-09-27,ok,5741000000.0,Assets,0000865436-16-000366,2016-11-18,CY2015Q3I,5741000000.0,2015-11-13,2.0,False,
WFM,total_assets,2016,865436,,2016-09-25,ok,6341000000.0,Assets,0000865436-17-000238,2017-11-17,CY2016Q3I,6341000000.0,2016-11-18,2.0,False,
WFM,total_assets,2017,865436,,2017-09-24,ok,6676000000.0,Assets,0000865436-17-000238,2017-11-17,CY2017Q3I,6676000000.0,2017-11-17,1.0,False,
WFM,total_assets,2018,865436,,,no 10-K period,,,,,,,,,,
WFM,total_assets,2019,865436,,,no 10-K period,,,,,,,,,,
WFM,total_assets,2020,865436,,,no 10-K period,,,,,,,,,,
WFM,total_assets,2021,865436,,,no 10-K period,,,,,,,,,,
WFM,total_assets,2022,865436,,,no 10-K period,,,,,,,,,,
WFM,total_assets,2023,865436,,,no 10-K period,,,,,,,,,,
WFM,total_assets,2024,865436,,,no 10-K period,,,,,,,,,,
WFM,total_assets,2025,865436,,,no 10-K period,,,,,,,,,,
WFM,total_equity,2015,865436,,2015-09-27,ok,3769000000.0,StockholdersEquity,0000865436-17-000238,2017-11-17,CY2015Q3I,3769000000.0,2015-11-13,3.0,False,
WFM,total_equity,2016,865436,,2016-09-25,ok,3224000000.0,StockholdersEquity,0000865436-17-000238,2017-11-17,CY2016Q3I,3224000000.0,2016-11-18,2.0,False,
WFM,total_equity,2017,865436,,2017-09-24,ok,3430000000.0,StockholdersEquity,0000865436-17-000238,2017-11-17,CY2017Q3I,3430000000.0,2017-11-17,1.0,False,
WFM,total_equity,2018,865436,,,no 10-K period,,,,,,,,,,
WFM,total_equity,2019,865436,,,no 10-K period,,,,,,,,,,
WFM,total_equity,2020,865436,,,no 10-K period,,,,,,,,,,
WFM,total_equity,2021,865436,,,no 10-K period,,,,,,,,,,
WFM,total_equity,2022,865436,,,no 10-K period,,,,,,,,,,
WFM,total_equity,2023,865436,,,no 10-K period,,,,,,,,,,
WFM,total_equity,2024,865436,,,no 10-K period,,,,,,,,,,
WFM,total_equity,2025,865436,,,no 10-K period,,,,,,,,,,
WMT,cost_of_sales,2015,104169,2015-02-01,2016-01-31,ok,360984000000.0,CostOfRevenue,0000104169-18-000028,2018-03-30,CY2015,360984000000.0,2016-03-30,3.0,False,
WMT,cost_of_sales,2016,104169,2016-02-01,2017-01-31,ok,361256000000.0,CostOfRevenue,0000104169-19-000016,2019-03-28,CY2016,361256000000.0,2017-03-31,3.0,False,
WMT,cost_of_sales,2017,104169,2017-02-01,2018-01-31,ok,373396000000.0,CostOfRevenue,0000104169-20-000011,2020-03-20,CY2017,373396000000.0,2018-03-30,3.0,False,
WMT,cost_of_sales,2018,104169,2018-02-01,2019-01-31,ok,385301000000.0,CostOfRevenue,0000104169-21-000033,2021-03-19,CY2018,385301000000.0,2019-03-28,3.0,False,
WMT,cost_of_sales,2019,104169,2019-02-01,2020-01-31,ok,394605000000.0,CostOfRevenue,0000104169-22-000012,2022-03-18,CY2019,394605000000.0,2020-03-20,3.0,False,
WMT,cost_of_sales,2020,104169,2020-02-01,2021-01-31,ok,420315000000.0,CostOfRevenue,0000104169-23-000020,2023-03-17,CY2020,420315000000.0,2021-03-19,3.0,False,
WMT,cost_of_sales,2021,104169,2021-02-01,2022-01-31,ok,429000000000.0,CostOfRevenue,0000104169-24-000056,2024-03-15,CY2021,429000000000.0,2022-03-18,3.0,False,
WMT,cost_of_sales,2022,104169,2022-02-01,2023-01-31,ok,463721000000.0,CostOfRevenue,0000104169-25-000021,2025-03-14,CY2022,463721000000.0,2023-03-17,3.0,False,
WMT,cost_of_sales,2023,104169,2023-02-01,2024-01-31,ok,490142000000.0,CostOfRevenue,0000104169-26-000055,2026-03-13,CY2023,490142000000.0,2024-03-15,3.0,False,
WMT,cost_of_sales,2024,104169,2024-02-01,2025-01-31,ok,511753000000.0,CostOfRevenue,0000104169-26-000055,2026-03-13,CY2024,511753000000.0,2025-03-14,2.0,False,
WMT,cost_of_sales,2025,104169,2025-02-01,2026-01-31,ok,535395000000.0,CostOfRevenue,0000104169-26-000055,2026-03-13,CY2025,535395000000.0,2026-03-13,1.0,False,
WMT,current_assets,2015,104169,,2016-01-31,ok,60239000000.0,AssetsCurrent,0000104169-17-000021,2017-03-31,CY2015Q4I,60239000000.0,2016-03-30,2.0,False,
WMT,current_assets,2016,104169,,2017-01-31,ok,57689000000.0,AssetsCurrent,0000104169-18-000028,2018-03-30,CY2016Q4I,57689000000.0,2017-03-31,2.0,False,
WMT,current_assets,2017,104169,,2018-01-31,ok,59664000000.0,AssetsCurrent,0000104169-19-000016,2019-03-28,CY2017Q4I,59664000000.0,2018-03-30,2.0,False,
WMT,current_assets,2018,104169,,2019-01-31,ok,61897000000.0,AssetsCurrent,0000104169-20-000011,2020-03-20,CY2018Q4I,61897000000.0,2019-03-28,2.0,False,
WMT,current_assets,2019,104169,,2020-01-31,ok,61806000000.0,AssetsCurrent,0000104169-21-000033,2021-03-19,CY2019Q4I,61806000000.0,2020-03-20,2.0,False,
WMT,current_assets,2020,104169,,2021-01-31,ok,90067000000.0,AssetsCurrent,0000104169-22-000012,2022-03-18,CY2020Q4I,90067000000.0,2021-03-19,2.0,False,
WMT,current_assets,2021,104169,,2022-01-31,ok,81070000000.0,AssetsCurrent,0000104169-23-000020,2023-03-17,CY2021Q4I,81070000000.0,2022-03-18,2.0,False,
WMT,current_assets,2022,104169,,2023-01-31,ok,75655000000.0,AssetsCurrent,0000104169-24-000056,2024-03-15,CY2022Q4I,75655000000.0,2023-03-17,2.0,False,
WMT,current_assets,2023,104169,,2024-01-31,ok,76877000000.0,AssetsCurrent,0000104169-25-000021,2025-03-14,CY2023Q4I,76877000000.0,2024-03-15,2.0,False,
WMT,current_assets,2024,104169,,2025-01-31,ok,79458000000.0,AssetsCurrent,0000104169-26-000055,2026-03-13,CY2024Q4I,79458000000.0,2025-03-14,2.0,False,
WMT,current_assets,2025,104169,,2026-01-31,ok,84874000000.0,AssetsCurrent,0000104169-26-000055,2026-03-13,,84874000000.0,2026-03-13,1.0,False,
WMT,current_liabilities,2015,104169,,2016-01-31,ok,64619000000.0,LiabilitiesCurrent,0000104169-17-000021,2017-03-31,CY2015Q4I,64619000000.0,2016-03-30,2.0,False,
WMT,current_liabilities,2016,104169,,2017-01-31,ok,66928000000.0,LiabilitiesCurrent,0000104169-18-000028,2018-03-30,CY2016Q4I,66928000000.0,2017-03-31,2.0,False,
WMT,current_liabilities,2017,104169,,2018-01-31,ok,78521000000.0,LiabilitiesCurrent,0000104169-19-000016,2019-03-28,CY2017Q4I,78521000000.0,2018-03-30,2.0,False,
WMT,current_liabilities,2018,104169,,2019-01-31,ok,77477000000.0,LiabilitiesCurrent,0000104169-20-000011,2020-03-20,CY2018Q4I,77477000000.0,2019-03-28,2.0,False,
WMT,current_liabilities,2019,104169,,2020-01-31,ok,77790000000.0,LiabilitiesCurrent,0000104169-21-000033,2021-03-19,CY2019Q4I,77790000000.0,2020-03-20,2.0,False,
WMT,current_liabilities,2020,104169,,2021-01-31,ok,92645000000.0,LiabilitiesCurrent,0000104169-22-000012,2022-03-18,CY2020Q4I,92645000000.0,2021-03-19,2.0,False,
WMT,current_liabilities,2021,104169,,2022-01-31,ok,87379000000.0,LiabilitiesCurrent,0000104169-23-000020,2023-03-17,CY2021Q4I,87379000000.0,2022-03-18,2.0,False,
WMT,current_liabilities,2022,104169,,2023-01-31,ok,92198000000.0,LiabilitiesCurrent,0000104169-24-000056,2024-03-15,CY2022Q4I,92198000000.0,2023-03-17,2.0,False,
WMT,current_liabilities,2023,104169,,2024-01-31,ok,92415000000.0,LiabilitiesCurrent,0000104169-25-000021,2025-03-14,CY2023Q4I,92415000000.0,2024-03-15,2.0,False,
WMT,current_liabilities,2024,104169,,2025-01-31,ok,96584000000.0,LiabilitiesCurrent,0000104169-26-000055,2026-03-13,CY2024Q4I,96584000000.0,2025-03-14,2.0,False,
WMT,current_liabilities,2025,104169,,2026-01-31,ok,107469000000.0,LiabilitiesCurrent,0000104169-26-000055,2026-03-13,,107469000000.0,2026-03-13,1.0,False,
WMT,equity_parent_only,2015,104169,,2016-01-31,ok,80546000000.0,StockholdersEquity,0000104169-17-000021,2017-03-31,CY2015Q4I,80546000000.0,2016-03-30,2.0,False,
WMT,equity_parent_only,2016,104169,,2017-01-31,ok,77798000000.0,StockholdersEquity,0000104169-18-000028,2018-03-30,CY2016Q4I,77798000000.0,2017-03-31,2.0,False,
WMT,equity_parent_only,2017,104169,,2018-01-31,ok,77869000000.0,StockholdersEquity,0000104169-19-000016,2019-03-28,CY2017Q4I,77869000000.0,2018-03-30,2.0,False,
WMT,equity_parent_only,2018,104169,,2019-01-31,ok,72496000000.0,StockholdersEquity,0000104169-20-000011,2020-03-20,CY2018Q4I,72496000000.0,2019-03-28,2.0,False,
WMT,equity_parent_only,2019,104169,,2020-01-31,ok,74669000000.0,StockholdersEquity,0000104169-21-000033,2021-03-19,CY2019Q4I,74669000000.0,2020-03-20,2.0,False,
WMT,equity_parent_only,2020,104169,,2021-01-31,ok,80925000000.0,StockholdersEquity,0000104169-22-000012,2022-03-18,CY2020Q4I,80925000000.0,2021-03-19,2.0,False,
WMT,equity_parent_only,2021,104169,,2022-01-31,ok,83253000000.0,StockholdersEquity,0000104169-23-000020,2023-03-17,CY2021Q4I,83253000000.0,2022-03-18,2.0,False,
WMT,equity_parent_only,2022,104169,,2023-01-31,ok,76693000000.0,StockholdersEquity,0000104169-24-000056,2024-03-15,CY2022Q4I,76693000000.0,2023-03-17,2.0,False,
WMT,equity_parent_only,2023,104169,,2024-01-31,ok,83861000000.0,StockholdersEquity,0000104169-25-000021,2025-03-14,CY2023Q4I,83861000000.0,2024-03-15,2.0,False,
WMT,equity_parent_only,2024,104169,,2025-01-31,ok,91013000000.0,StockholdersEquity,0000104169-26-000055,2026-03-13,CY2024Q4I,91013000000.0,2025-03-14,2.0,False,
WMT,equity_parent_only,2025,104169,,2026-01-31,ok,99617000000.0,StockholdersEquity,0000104169-26-000055,2026-03-13,,99617000000.0,2026-03-13,1.0,False,
WMT,finance_lease_current,2015,104169,,2016-01-31,ok,551000000.0,CapitalLeaseObligationsCurrent,0000104169-17-000021,2017-03-31,CY2015Q4I,551000000.0,2016-03-30,2.0,False,
WMT,finance_lease_current,2016,104169,,2017-01-31,ok,565000000.0,CapitalLeaseObligationsCurrent,0000104169-18-000028,2018-03-30,CY2016Q4I,565000000.0,2017-03-31,2.0,False,
WMT,finance_lease_current,2017,104169,,2018-01-31,ok,667000000.0,CapitalLeaseObligationsCurrent,0000104169-19-000016,2019-03-28,CY2017Q4I,667000000.0,2018-03-30,2.0,False,
WMT,finance_lease_current,2018,104169,,2019-01-31,ok,729000000.0,CapitalLeaseObligationsCurrent,0000104169-20-000011,2020-03-20,CY2018Q4I,729000000.0,2019-03-28,2.0,False,
WMT,finance_lease_current,2019,104169,,2020-01-31,ok,511000000.0,FinanceLeaseLiabilityCurrent,0000104169-21-000033,2021-03-19,CY2019Q4I,511000000.0,2020-03-20,2.0,False,
WMT,finance_lease_current,2020,104169,,2021-01-31,ok,491000000.0,FinanceLeaseLiabilityCurrent,0000104169-22-000012,2022-03-18,CY2020Q4I,491000000.0,2021-03-19,2.0,False,
WMT,finance_lease_current,2021,104169,,2022-01-31,ok,511000000.0,FinanceLeaseLiabilityCurrent,0000104169-23-000020,2023-03-17,CY2021Q4I,511000000.0,2022-03-18,2.0,False,
WMT,finance_lease_current,2022,104169,,2023-01-31,ok,567000000.0,FinanceLeaseLiabilityCurrent,0000104169-24-000056,2024-03-15,CY2022Q4I,567000000.0,2023-03-17,2.0,False,
WMT,finance_lease_current,2023,104169,,2024-01-31,ok,725000000.0,FinanceLeaseLiabilityCurrent,0000104169-25-000021,2025-03-14,CY2023Q4I,725000000.0,2024-03-15,2.0,False,
WMT,finance_lease_current,2024,104169,,2025-01-31,ok,800000000.0,FinanceLeaseLiabilityCurrent,0000104169-26-000055,2026-03-13,CY2024Q4I,800000000.0,2025-03-14,2.0,False,
WMT,finance_lease_current,2025,104169,,2026-01-31,ok,856000000.0,FinanceLeaseLiabilityCurrent,0000104169-26-000055,2026-03-13,,856000000.0,2026-03-13,1.0,False,
WMT,finance_lease_noncurrent,2015,104169,,2016-01-31,ok,5816000000.0,CapitalLeaseObligationsNoncurrent,0000104169-17-000021,2017-03-31,CY2015Q4I,5816000000.0,2016-03-30,2.0,False,
WMT,finance_lease_noncurrent,2016,104169,,2017-01-31,ok,6003000000.0,CapitalLeaseObligationsNoncurrent,0000104169-18-000028,2018-03-30,CY2016Q4I,6003000000.0,2017-03-31,2.0,False,
WMT,finance_lease_noncurrent,2017,104169,,2018-01-31,ok,6780000000.0,CapitalLeaseObligationsNoncurrent,0000104169-19-000016,2019-03-28,CY2017Q4I,6780000000.0,2018-03-30,2.0,False,
WMT,finance_lease_noncurrent,2018,104169,,2019-01-31,ok,6683000000.0,CapitalLeaseObligationsNoncurrent,0000104169-20-000011,2020-03-20,CY2018Q4I,6683000000.0,2019-03-28,2.0,False,
WMT,finance_lease_noncurrent,2019,104169,,2020-01-31,ok,4307000000.0,FinanceLeaseLiabilityNoncurrent,0000104169-21-000033,2021-03-19,CY2019Q4I,4307000000.0,2020-03-20,2.0,False,
WMT,finance_lease_noncurrent,2020,104169,,2021-01-31,ok,3847000000.0,FinanceLeaseLiabilityNoncurrent,0000104169-22-000012,2022-03-18,CY2020Q4I,3847000000.0,2021-03-19,2.0,False,
WMT,finance_lease_noncurrent,2021,104169,,2022-01-31,ok,4243000000.0,FinanceLeaseLiabilityNoncurrent,0000104169-23-000020,2023-03-17,CY2021Q4I,4243000000.0,2022-03-18,2.0,False,
WMT,finance_lease_noncurrent,2022,104169,,2023-01-31,ok,4843000000.0,FinanceLeaseLiabilityNoncurrent,0000104169-24-000056,2024-03-15,CY2022Q4I,4843000000.0,2023-03-17,2.0,False,
WMT,finance_lease_noncurrent,2023,104169,,2024-01-31,ok,5709000000.0,FinanceLeaseLiabilityNoncurrent,0000104169-25-000021,2025-03-14,CY2023Q4I,5709000000.0,2024-03-15,2.0,False,
WMT,finance_lease_noncurrent,2024,104169,,2025-01-31,ok,5923000000.0,FinanceLeaseLiabilityNoncurrent,0000104169-26-000055,2026-03-13,CY2024Q4I,5923000000.0,2025-03-14,2.0,False,
WMT,finance_lease_noncurrent,2025,104169,,2026-01-31,ok,5905000000.0,FinanceLeaseLiabilityNoncurrent,0000104169-26-000055,2026-03-13,,5905000000.0,2026-03-13,1.0,False,
WMT,finance_lease_total,2015,104169,,2016-01-31,ok,6367000000.0,CapitalLeaseObligations,0000104169-16-000079,2016-03-30,CY2015Q4I,6367000000.0,2016-03-30,1.0,False,
WMT,finance_lease_total,2016,104169,,2017-01-31,ok,6568000000.0,CapitalLeaseObligations,0000104169-17-000021,2017-03-31,CY2016Q4I,6568000000.0,2017-03-31,1.0,False,
WMT,finance_lease_total,2017,104169,,2018-01-31,ok,7447000000.0,CapitalLeaseObligations,0000104169-18-000028,2018-03-30,CY2017Q4I,7447000000.0,2018-03-30,1.0,False,
WMT,finance_lease_total,2018,104169,,2019-01-31,ok,7412000000.0,CapitalLeaseObligations,0000104169-20-000011,2020-03-20,CY2018Q4I,7412000000.0,2019-03-28,2.0,False,
WMT,finance_lease_total,2019,104169,,2020-01-31,ok,4818000000.0,FinanceLeaseLiability,0000104169-20-000011,2020-03-20,CY2019Q4I,4818000000.0,2020-03-20,1.0,False,
WMT,finance_lease_total,2020,104169,,2021-01-31,ok,4338000000.0,FinanceLeaseLiability,0000104169-21-000033,2021-03-19,CY2020Q4I,4338000000.0,2021-03-19,1.0,False,
WMT,finance_lease_total,2021,104169,,2022-01-31,ok,4754000000.0,FinanceLeaseLiability,0000104169-22-000012,2022-03-18,CY2021Q4I,4754000000.0,2022-03-18,1.0,False,
WMT,finance_lease_total,2022,104169,,2023-01-31,ok,5410000000.0,FinanceLeaseLiability,0000104169-23-000020,2023-03-17,CY2022Q4I,5410000000.0,2023-03-17,1.0,False,
WMT,finance_lease_total,2023,104169,,2024-01-31,ok,6434000000.0,FinanceLeaseLiability,0000104169-24-000056,2024-03-15,CY2023Q4I,6434000000.0,2024-03-15,1.0,False,
WMT,finance_lease_total,2024,104169,,2025-01-31,ok,6723000000.0,FinanceLeaseLiability,0000104169-25-000021,2025-03-14,CY2024Q4I,6723000000.0,2025-03-14,1.0,False,
WMT,finance_lease_total,2025,104169,,2026-01-31,ok,6761000000.0,FinanceLeaseLiability,0000104169-26-000055,2026-03-13,CY2025Q4I,6761000000.0,2026-03-13,1.0,False,
WMT,inventory,2015,104169,,2016-01-31,ok,44469000000.0,InventoryNet,0000104169-17-000021,2017-03-31,CY2015Q4I,44469000000.0,2016-03-30,2.0,False,
WMT,inventory,2016,104169,,2017-01-31,ok,43046000000.0,InventoryNet,0000104169-18-000028,2018-03-30,CY2016Q4I,43046000000.0,2017-03-31,2.0,False,
WMT,inventory,2017,104169,,2018-01-31,ok,43783000000.0,InventoryNet,0000104169-19-000016,2019-03-28,CY2017Q4I,43783000000.0,2018-03-30,2.0,False,
WMT,inventory,2018,104169,,2019-01-31,ok,44269000000.0,InventoryNet,0000104169-20-000011,2020-03-20,CY2018Q4I,44269000000.0,2019-03-28,2.0,False,
WMT,inventory,2019,104169,,2020-01-31,ok,44435000000.0,InventoryNet,0000104169-21-000033,2021-03-19,CY2019Q4I,44435000000.0,2020-03-20,2.0,False,
WMT,inventory,2020,104169,,2021-01-31,ok,44949000000.0,InventoryNet,0000104169-22-000012,2022-03-18,CY2020Q4I,44949000000.0,2021-03-19,2.0,False,
WMT,inventory,2021,104169,,2022-01-31,ok,56511000000.0,InventoryNet,0000104169-23-000020,2023-03-17,CY2021Q4I,56511000000.0,2022-03-18,2.0,False,
WMT,inventory,2022,104169,,2023-01-31,ok,56576000000.0,InventoryNet,0000104169-24-000056,2024-03-15,CY2022Q4I,56576000000.0,2023-03-17,2.0,False,
WMT,inventory,2023,104169,,2024-01-31,ok,54892000000.0,InventoryNet,0000104169-25-000021,2025-03-14,CY2023Q4I,54892000000.0,2024-03-15,2.0,False,
WMT,inventory,2024,104169,,2025-01-31,ok,56435000000.0,InventoryNet,0000104169-26-000055,2026-03-13,CY2024Q4I,56435000000.0,2025-03-14,2.0,False,
WMT,inventory,2025,104169,,2026-01-31,ok,58851000000.0,InventoryNet,0000104169-26-000055,2026-03-13,,58851000000.0,2026-03-13,1.0,False,
WMT,lifo_reserve,2015,104169,,2016-01-31,not tagged,,,,,,,,,,
WMT,lifo_reserve,2016,104169,,2017-01-31,not tagged,,,,,,,,,,
WMT,lifo_reserve,2017,104169,,2018-01-31,not tagged,,,,,,,,,,
WMT,lifo_reserve,2018,104169,,2019-01-31,not tagged,,,,,,,,,,
WMT,lifo_reserve,2019,104169,,2020-01-31,not tagged,,,,,,,,,,
WMT,lifo_reserve,2020,104169,,2021-01-31,not tagged,,,,,,,,,,
WMT,lifo_reserve,2021,104169,,2022-01-31,not tagged,,,,,,,,,,
WMT,lifo_reserve,2022,104169,,2023-01-31,not tagged,,,,,,,,,,
WMT,lifo_reserve,2023,104169,,2024-01-31,not tagged,,,,,,,,,,
WMT,lifo_reserve,2024,104169,,2025-01-31,not tagged,,,,,,,,,,
WMT,lifo_reserve,2025,104169,,2026-01-31,not tagged,,,,,,,,,,
WMT,ltd_and_leases_current,2015,104169,,2016-01-31,not tagged,,,,,,,,,,
WMT,ltd_and_leases_current,2016,104169,,2017-01-31,not tagged,,,,,,,,,,
WMT,ltd_and_leases_current,2017,104169,,2018-01-31,not tagged,,,,,,,,,,
WMT,ltd_and_leases_current,2018,104169,,2019-01-31,not tagged,,,,,,,,,,
WMT,ltd_and_leases_current,2019,104169,,2020-01-31,not tagged,,,,,,,,,,
WMT,ltd_and_leases_current,2020,104169,,2021-01-31,not tagged,,,,,,,,,,
WMT,ltd_and_leases_current,2021,104169,,2022-01-31,not tagged,,,,,,,,,,
WMT,ltd_and_leases_current,2022,104169,,2023-01-31,not tagged,,,,,,,,,,
WMT,ltd_and_leases_current,2023,104169,,2024-01-31,not tagged,,,,,,,,,,
WMT,ltd_and_leases_current,2024,104169,,2025-01-31,not tagged,,,,,,,,,,
WMT,ltd_and_leases_current,2025,104169,,2026-01-31,not tagged,,,,,,,,,,
WMT,ltd_and_leases_noncurrent,2015,104169,,2016-01-31,not tagged,,,,,,,,,,
WMT,ltd_and_leases_noncurrent,2016,104169,,2017-01-31,not tagged,,,,,,,,,,
WMT,ltd_and_leases_noncurrent,2017,104169,,2018-01-31,not tagged,,,,,,,,,,
WMT,ltd_and_leases_noncurrent,2018,104169,,2019-01-31,not tagged,,,,,,,,,,
WMT,ltd_and_leases_noncurrent,2019,104169,,2020-01-31,not tagged,,,,,,,,,,
WMT,ltd_and_leases_noncurrent,2020,104169,,2021-01-31,not tagged,,,,,,,,,,
WMT,ltd_and_leases_noncurrent,2021,104169,,2022-01-31,not tagged,,,,,,,,,,
WMT,ltd_and_leases_noncurrent,2022,104169,,2023-01-31,not tagged,,,,,,,,,,
WMT,ltd_and_leases_noncurrent,2023,104169,,2024-01-31,not tagged,,,,,,,,,,
WMT,ltd_and_leases_noncurrent,2024,104169,,2025-01-31,not tagged,,,,,,,,,,
WMT,ltd_and_leases_noncurrent,2025,104169,,2026-01-31,not tagged,,,,,,,,,,
WMT,ltd_current,2015,104169,,2016-01-31,ok,2745000000.0,LongTermDebtCurrent,0000104169-17-000021,2017-03-31,CY2015Q4I,2745000000.0,2016-03-30,2.0,False,
WMT,ltd_current,2016,104169,,2017-01-31,ok,2256000000.0,LongTermDebtCurrent,0000104169-18-000028,2018-03-30,CY2016Q4I,2256000000.0,2017-03-31,2.0,False,
WMT,ltd_current,2017,104169,,2018-01-31,ok,3738000000.0,LongTermDebtCurrent,0000104169-19-000016,2019-03-28,CY2017Q4I,3738000000.0,2018-03-30,2.0,False,
WMT,ltd_current,2018,104169,,2019-01-31,ok,1876000000.0,LongTermDebtCurrent,0000104169-20-000011,2020-03-20,CY2018Q4I,1876000000.0,2019-03-28,2.0,False,
WMT,ltd_current,2019,104169,,2020-01-31,ok,5362000000.0,LongTermDebtCurrent,0000104169-21-000033,2021-03-19,CY2019Q4I,5362000000.0,2020-03-20,2.0,False,
WMT,ltd_current,2020,104169,,2021-01-31,ok,3115000000.0,LongTermDebtCurrent,0000104169-22-000012,2022-03-18,CY2020Q4I,3115000000.0,2021-03-19,2.0,False,
WMT,ltd_current,2021,104169,,2022-01-31,ok,2803000000.0,LongTermDebtCurrent,0000104169-23-000020,2023-03-17,CY2021Q4I,2803000000.0,2022-03-18,2.0,False,
WMT,ltd_current,2022,104169,,2023-01-31,ok,4191000000.0,LongTermDebtCurrent,0000104169-24-000056,2024-03-15,CY2022Q4I,4191000000.0,2023-03-17,2.0,False,
WMT,ltd_current,2023,104169,,2024-01-31,ok,3447000000.0,LongTermDebtCurrent,0000104169-25-000021,2025-03-14,CY2023Q4I,3447000000.0,2024-03-15,2.0,False,
WMT,ltd_current,2024,104169,,2025-01-31,ok,2598000000.0,LongTermDebtCurrent,0000104169-26-000055,2026-03-13,CY2024Q4I,2598000000.0,2025-03-14,2.0,False,
WMT,ltd_current,2025,104169,,2026-01-31,ok,3542000000.0,LongTermDebtCurrent,0000104169-26-000055,2026-03-13,,3542000000.0,2026-03-13,1.0,False,
WMT,ltd_noncurrent,2015,104169,,2016-01-31,ok,38214000000.0,LongTermDebtNoncurrent,0000104169-17-000021,2017-03-31,CY2015Q4I,38214000000.0,2016-03-30,2.0,False,
WMT,ltd_noncurrent,2016,104169,,2017-01-31,ok,36015000000.0,LongTermDebtNoncurrent,0000104169-18-000028,2018-03-30,CY2016Q4I,36015000000.0,2017-03-31,2.0,False,
WMT,ltd_noncurrent,2017,104169,,2018-01-31,ok,30045000000.0,LongTermDebtNoncurrent,0000104169-19-000016,2019-03-28,CY2017Q4I,30045000000.0,2018-03-30,2.0,False,
WMT,ltd_noncurrent,2018,104169,,2019-01-31,ok,43520000000.0,LongTermDebtNoncurrent,0000104169-20-000011,2020-03-20,CY2018Q4I,43520000000.0,2019-03-28,2.0,False,
WMT,ltd_noncurrent,2019,104169,,2020-01-31,ok,43714000000.0,LongTermDebtNoncurrent,0000104169-21-000033,2021-03-19,CY2019Q4I,43714000000.0,2020-03-20,2.0,False,
WMT,ltd_noncurrent,2020,104169,,2021-01-31,ok,41194000000.0,LongTermDebtNoncurrent,0000104169-22-000012,2022-03-18,CY2020Q4I,41194000000.0,2021-03-19,2.0,False,
WMT,ltd_noncurrent,2021,104169,,2022-01-31,ok,34864000000.0,LongTermDebtNoncurrent,0000104169-23-000020,2023-03-17,CY2021Q4I,34864000000.0,2022-03-18,2.0,False,
WMT,ltd_noncurrent,2022,104169,,2023-01-31,ok,34649000000.0,LongTermDebtNoncurrent,0000104169-24-000056,2024-03-15,CY2022Q4I,34649000000.0,2023-03-17,2.0,False,
WMT,ltd_noncurrent,2023,104169,,2024-01-31,ok,36132000000.0,LongTermDebtNoncurrent,0000104169-25-000021,2025-03-14,CY2023Q4I,36132000000.0,2024-03-15,2.0,False,
WMT,ltd_noncurrent,2024,104169,,2025-01-31,ok,33401000000.0,LongTermDebtNoncurrent,0000104169-26-000055,2026-03-13,CY2024Q4I,33401000000.0,2025-03-14,2.0,False,
WMT,ltd_noncurrent,2025,104169,,2026-01-31,ok,34624000000.0,LongTermDebtNoncurrent,0000104169-26-000055,2026-03-13,,34624000000.0,2026-03-13,1.0,False,
WMT,net_income,2015,104169,2015-02-01,2016-01-31,ok,14694000000.0,NetIncomeLoss,0000104169-18-000028,2018-03-30,CY2015,14694000000.0,2016-03-30,3.0,False,
WMT,net_income,2016,104169,2016-02-01,2017-01-31,ok,13643000000.0,NetIncomeLoss,0000104169-19-000016,2019-03-28,CY2016,13643000000.0,2017-03-31,3.0,False,
WMT,net_income,2017,104169,2017-02-01,2018-01-31,ok,9862000000.0,NetIncomeLoss,0000104169-20-000011,2020-03-20,CY2017,9862000000.0,2018-03-30,3.0,False,
WMT,net_income,2018,104169,2018-02-01,2019-01-31,ok,6670000000.0,NetIncomeLoss,0000104169-21-000033,2021-03-19,CY2018,6670000000.0,2019-03-28,3.0,False,
WMT,net_income,2019,104169,2019-02-01,2020-01-31,ok,14881000000.0,NetIncomeLoss,0000104169-22-000012,2022-03-18,CY2019,14881000000.0,2020-03-20,3.0,False,
WMT,net_income,2020,104169,2020-02-01,2021-01-31,ok,13510000000.0,NetIncomeLoss,0000104169-23-000020,2023-03-17,CY2020,13510000000.0,2021-03-19,3.0,False,
WMT,net_income,2021,104169,2021-02-01,2022-01-31,ok,13673000000.0,NetIncomeLoss,0000104169-24-000056,2024-03-15,,13673000000.0,2022-03-18,3.0,False,
WMT,net_income,2022,104169,2022-02-01,2023-01-31,ok,11680000000.0,NetIncomeLoss,0000104169-25-000021,2025-03-14,,11680000000.0,2023-03-17,3.0,False,
WMT,net_income,2023,104169,2023-02-01,2024-01-31,ok,15511000000.0,NetIncomeLoss,0000104169-26-000055,2026-03-13,,15511000000.0,2024-03-15,3.0,False,
WMT,net_income,2024,104169,2024-02-01,2025-01-31,ok,19436000000.0,NetIncomeLoss,0000104169-26-000055,2026-03-13,,19436000000.0,2025-03-14,2.0,False,
WMT,net_income,2025,104169,2025-02-01,2026-01-31,ok,21893000000.0,NetIncomeLoss,0000104169-26-000055,2026-03-13,,21893000000.0,2026-03-13,1.0,False,
WMT,operating_income,2015,104169,2015-02-01,2016-01-31,ok,24105000000.0,OperatingIncomeLoss,0000104169-18-000028,2018-03-30,CY2015,24105000000.0,2016-03-30,3.0,False,
WMT,operating_income,2016,104169,2016-02-01,2017-01-31,ok,22764000000.0,OperatingIncomeLoss,0000104169-19-000016,2019-03-28,CY2016,22764000000.0,2017-03-31,3.0,False,
WMT,operating_income,2017,104169,2017-02-01,2018-01-31,ok,20437000000.0,OperatingIncomeLoss,0000104169-20-000011,2020-03-20,CY2017,20437000000.0,2018-03-30,3.0,False,
WMT,operating_income,2018,104169,2018-02-01,2019-01-31,ok,21957000000.0,OperatingIncomeLoss,0000104169-21-000033,2021-03-19,CY2018,21957000000.0,2019-03-28,3.0,False,
WMT,operating_income,2019,104169,2019-02-01,2020-01-31,ok,20568000000.0,OperatingIncomeLoss,0000104169-22-000012,2022-03-18,CY2019,20568000000.0,2020-03-20,3.0,False,
WMT,operating_income,2020,104169,2020-02-01,2021-01-31,ok,22548000000.0,OperatingIncomeLoss,0000104169-23-000020,2023-03-17,CY2020,22548000000.0,2021-03-19,3.0,False,
WMT,operating_income,2021,104169,2021-02-01,2022-01-31,ok,25942000000.0,OperatingIncomeLoss,0000104169-24-000056,2024-03-15,CY2021,25942000000.0,2022-03-18,3.0,False,
WMT,operating_income,2022,104169,2022-02-01,2023-01-31,ok,20428000000.0,OperatingIncomeLoss,0000104169-25-000021,2025-03-14,CY2022,20428000000.0,2023-03-17,3.0,False,
WMT,operating_income,2023,104169,2023-02-01,2024-01-31,ok,27012000000.0,OperatingIncomeLoss,0000104169-26-000055,2026-03-13,CY2023,27012000000.0,2024-03-15,3.0,False,
WMT,operating_income,2024,104169,2024-02-01,2025-01-31,ok,29348000000.0,OperatingIncomeLoss,0000104169-26-000055,2026-03-13,CY2024,29348000000.0,2025-03-14,2.0,False,
WMT,operating_income,2025,104169,2025-02-01,2026-01-31,ok,29825000000.0,OperatingIncomeLoss,0000104169-26-000055,2026-03-13,CY2025,29825000000.0,2026-03-13,1.0,False,
WMT,operating_lease_current,2015,104169,,2016-01-31,not tagged,,,,,,,,,,
WMT,operating_lease_current,2016,104169,,2017-01-31,not tagged,,,,,,,,,,
WMT,operating_lease_current,2017,104169,,2018-01-31,not tagged,,,,,,,,,,
WMT,operating_lease_current,2018,104169,,2019-01-31,ok,0.0,OperatingLeaseLiabilityCurrent,0000104169-20-000011,2020-03-20,CY2018Q4I,0.0,2020-03-20,1.0,False,
WMT,operating_lease_current,2019,104169,,2020-01-31,ok,1793000000.0,OperatingLeaseLiabilityCurrent,0000104169-21-000033,2021-03-19,CY2019Q4I,1793000000.0,2020-03-20,2.0,False,
WMT,operating_lease_current,2020,104169,,2021-01-31,ok,1466000000.0,OperatingLeaseLiabilityCurrent,0000104169-22-000012,2022-03-18,CY2020Q4I,1466000000.0,2021-03-19,2.0,False,
WMT,operating_lease_current,2021,104169,,2022-01-31,ok,1483000000.0,OperatingLeaseLiabilityCurrent,0000104169-23-000020,2023-03-17,CY2021Q4I,1483000000.0,2022-03-18,2.0,False,
WMT,operating_lease_current,2022,104169,,2023-01-31,ok,1473000000.0,OperatingLeaseLiabilityCurrent,0000104169-24-000056,2024-03-15,CY2022Q4I,1473000000.0,2023-03-17,2.0,False,
WMT,operating_lease_current,2023,104169,,2024-01-31,ok,1487000000.0,OperatingLeaseLiabilityCurrent,0000104169-25-000021,2025-03-14,CY2023Q4I,1487000000.0,2024-03-15,2.0,False,
WMT,operating_lease_current,2024,104169,,2025-01-31,ok,1499000000.0,OperatingLeaseLiabilityCurrent,0000104169-26-000055,2026-03-13,CY2024Q4I,1499000000.0,2025-03-14,2.0,False,
WMT,operating_lease_current,2025,104169,,2026-01-31,ok,1631000000.0,OperatingLeaseLiabilityCurrent,0000104169-26-000055,2026-03-13,,1631000000.0,2026-03-13,1.0,False,
WMT,operating_lease_noncurrent,2015,104169,,2016-01-31,not tagged,,,,,,,,,,
WMT,operating_lease_noncurrent,2016,104169,,2017-01-31,not tagged,,,,,,,,,,
WMT,operating_lease_noncurrent,2017,104169,,2018-01-31,not tagged,,,,,,,,,,
WMT,operating_lease_noncurrent,2018,104169,,2019-01-31,ok,0.0,OperatingLeaseLiabilityNoncurrent,0000104169-20-000011,2020-03-20,CY2018Q4I,0.0,2020-03-20,1.0,False,
WMT,operating_lease_noncurrent,2019,104169,,2020-01-31,ok,16171000000.0,OperatingLeaseLiabilityNoncurrent,0000104169-21-000033,2021-03-19,CY2019Q4I,16171000000.0,2020-03-20,2.0,False,
WMT,operating_lease_noncurrent,2020,104169,,2021-01-31,ok,12909000000.0,OperatingLeaseLiabilityNoncurrent,0000104169-22-000012,2022-03-18,CY2020Q4I,12909000000.0,2021-03-19,2.0,False,
WMT,operating_lease_noncurrent,2021,104169,,2022-01-31,ok,13009000000.0,OperatingLeaseLiabilityNoncurrent,0000104169-23-000020,2023-03-17,CY2021Q4I,13009000000.0,2022-03-18,2.0,False,
WMT,operating_lease_noncurrent,2022,104169,,2023-01-31,ok,12828000000.0,OperatingLeaseLiabilityNoncurrent,0000104169-24-000056,2024-03-15,CY2022Q4I,12828000000.0,2023-03-17,2.0,False,
WMT,operating_lease_noncurrent,2023,104169,,2024-01-31,ok,12943000000.0,OperatingLeaseLiabilityNoncurrent,0000104169-25-000021,2025-03-14,CY2023Q4I,12943000000.0,2024-03-15,2.0,False,
WMT,operating_lease_noncurrent,2024,104169,,2025-01-31,ok,12825000000.0,OperatingLeaseLiabilityNoncurrent,0000104169-26-000055,2026-03-13,CY2024Q4I,12825000000.0,2025-03-14,2.0,False,
WMT,operating_lease_noncurrent,2025,104169,,2026-01-31,ok,13941000000.0,OperatingLeaseLiabilityNoncurrent,0000104169-26-000055,2026-03-13,,13941000000.0,2026-03-13,1.0,False,
WMT,operating_lease_total,2015,104169,,2016-01-31,not tagged,,,,,,,,,,
WMT,operating_lease_total,2016,104169,,2017-01-31,not tagged,,,,,,,,,,
WMT,operating_lease_total,2017,104169,,2018-01-31,not tagged,,,,,,,,,,
WMT,operating_lease_total,2018,104169,,2019-01-31,not tagged,,,,,,,,,,
WMT,operating_lease_total,2019,104169,,2020-01-31,ok,17964000000.0,OperatingLeaseLiability,0000104169-20-000011,2020-03-20,CY2019Q4I,17964000000.0,2020-03-20,1.0,False,
WMT,operating_lease_total,2020,104169,,2021-01-31,ok,14375000000.0,OperatingLeaseLiability,0000104169-21-000033,2021-03-19,CY2020Q4I,14375000000.0,2021-03-19,1.0,False,
WMT,operating_lease_total,2021,104169,,2022-01-31,ok,14492000000.0,OperatingLeaseLiability,0000104169-22-000012,2022-03-18,CY2021Q4I,14492000000.0,2022-03-18,1.0,False,
WMT,operating_lease_total,2022,104169,,2023-01-31,ok,14301000000.0,OperatingLeaseLiability,0000104169-23-000020,2023-03-17,CY2022Q4I,14301000000.0,2023-03-17,1.0,False,
WMT,operating_lease_total,2023,104169,,2024-01-31,ok,14430000000.0,OperatingLeaseLiability,0000104169-24-000056,2024-03-15,CY2023Q4I,14430000000.0,2024-03-15,1.0,False,
WMT,operating_lease_total,2024,104169,,2025-01-31,ok,14324000000.0,OperatingLeaseLiability,0000104169-25-000021,2025-03-14,CY2024Q4I,14324000000.0,2025-03-14,1.0,False,
WMT,operating_lease_total,2025,104169,,2026-01-31,ok,15572000000.0,OperatingLeaseLiability,0000104169-26-000055,2026-03-13,CY2025Q4I,15572000000.0,2026-03-13,1.0,False,
WMT,revenue,2015,104169,2015-02-01,2016-01-31,ok,478614000000.0,SalesRevenueNet,0000104169-18-000028,2018-03-30,CY2015,478614000000.0,2016-03-30,3.0,False,
WMT,revenue,2016,104169,2016-02-01,2017-01-31,ok,481317000000.0,RevenueFromContractWithCustomerExcludingAssessedTax,0000104169-19-000016,2019-03-28,CY2016,481317000000.0,2019-03-28,1.0,False,
WMT,revenue,2017,104169,2017-02-01,2018-01-31,ok,495761000000.0,RevenueFromContractWithCustomerExcludingAssessedTax,0000104169-20-000011,2020-03-20,CY2017,495761000000.0,2019-03-28,2.0,False,
WMT,revenue,2018,104169,2018-02-01,2019-01-31,ok,510329000000.0,RevenueFromContractWithCustomerExcludingAssessedTax,0000104169-21-000033,2021-03-19,CY2018,510329000000.0,2019-03-28,3.0,False,
WMT,revenue,2019,104169,2019-02-01,2020-01-31,ok,519926000000.0,RevenueFromContractWithCustomerExcludingAssessedTax,0000104169-22-000012,2022-03-18,CY2019,519926000000.0,2020-03-20,3.0,False,
WMT,revenue,2020,104169,2020-02-01,2021-01-31,ok,555233000000.0,RevenueFromContractWithCustomerExcludingAssessedTax,0000104169-23-000020,2023-03-17,CY2020,555233000000.0,2021-03-19,3.0,False,
WMT,revenue,2021,104169,2021-02-01,2022-01-31,ok,567762000000.0,RevenueFromContractWithCustomerExcludingAssessedTax,0000104169-24-000056,2024-03-15,CY2021,567762000000.0,2022-03-18,3.0,False,
WMT,revenue,2022,104169,2022-02-01,2023-01-31,ok,605881000000.0,RevenueFromContractWithCustomerExcludingAssessedTax,0000104169-25-000021,2025-03-14,CY2022,605881000000.0,2023-03-17,3.0,False,
WMT,revenue,2023,104169,2023-02-01,2024-01-31,ok,642637000000.0,RevenueFromContractWithCustomerExcludingAssessedTax,0000104169-26-000055,2026-03-13,CY2023,642637000000.0,2024-03-15,3.0,False,
WMT,revenue,2024,104169,2024-02-01,2025-01-31,ok,674538000000.0,RevenueFromContractWithCustomerExcludingAssessedTax,0000104169-26-000055,2026-03-13,CY2024,674538000000.0,2025-03-14,2.0,False,
WMT,revenue,2025,104169,2025-02-01,2026-01-31,ok,706413000000.0,RevenueFromContractWithCustomerExcludingAssessedTax,0000104169-26-000055,2026-03-13,CY2025,706413000000.0,2026-03-13,1.0,False,
WMT,short_term_borrowings,2015,104169,,2016-01-31,ok,2708000000.0,ShortTermBorrowings,0000104169-17-000021,2017-03-31,CY2015Q4I,2708000000.0,2016-03-30,2.0,False,
WMT,short_term_borrowings,2016,104169,,2017-01-31,ok,1099000000.0,ShortTermBorrowings,0000104169-18-000028,2018-03-30,CY2016Q4I,1099000000.0,2017-03-31,2.0,False,
WMT,short_term_borrowings,2017,104169,,2018-01-31,ok,5257000000.0,ShortTermBorrowings,0000104169-19-000016,2019-03-28,CY2017Q4I,5257000000.0,2018-03-30,2.0,False,
WMT,short_term_borrowings,2018,104169,,2019-01-31,ok,5225000000.0,ShortTermBorrowings,0000104169-20-000011,2020-03-20,CY2018Q4I,5225000000.0,2019-03-28,2.0,False,
WMT,short_term_borrowings,2019,104169,,2020-01-31,ok,575000000.0,ShortTermBorrowings,0000104169-21-000033,2021-03-19,CY2019Q4I,575000000.0,2020-03-20,2.0,False,
WMT,short_term_borrowings,2020,104169,,2021-01-31,ok,224000000.0,ShortTermBorrowings,0000104169-22-000012,2022-03-18,CY2020Q4I,224000000.0,2021-03-19,2.0,False,
WMT,short_term_borrowings,2021,104169,,2022-01-31,ok,410000000.0,ShortTermBorrowings,0000104169-23-000020,2023-03-17,CY2021Q4I,410000000.0,2022-03-18,2.0,False,
WMT,short_term_borrowings,2022,104169,,2023-01-31,ok,372000000.0,ShortTermBorrowings,0000104169-24-000056,2024-03-15,CY2022Q4I,372000000.0,2023-03-17,2.0,False,
WMT,short_term_borrowings,2023,104169,,2024-01-31,ok,878000000.0,ShortTermBorrowings,0000104169-25-000021,2025-03-14,CY2023Q4I,878000000.0,2024-03-15,2.0,False,
WMT,short_term_borrowings,2024,104169,,2025-01-31,ok,3068000000.0,ShortTermBorrowings,0000104169-26-000055,2026-03-13,CY2024Q4I,3068000000.0,2025-03-14,2.0,False,
WMT,short_term_borrowings,2025,104169,,2026-01-31,ok,6596000000.0,ShortTermBorrowings,0000104169-26-000055,2026-03-13,,6596000000.0,2026-03-13,1.0,False,
WMT,total_assets,2015,104169,,2016-01-31,ok,199581000000.0,Assets,0000104169-18-000028,2018-03-30,CY2015Q4I,199581000000.0,2016-03-30,3.0,False,
WMT,total_assets,2016,104169,,2017-01-31,ok,198825000000.0,Assets,0000104169-19-000016,2019-03-28,CY2016Q4I,198825000000.0,2017-03-31,3.0,False,
WMT,total_assets,2017,104169,,2018-01-31,ok,204522000000.0,Assets,0000104169-20-000011,2020-03-20,CY2017Q4I,204522000000.0,2018-03-30,3.0,False,
WMT,total_assets,2018,104169,,2019-01-31,ok,219295000000.0,Assets,0000104169-21-000033,2021-03-19,CY2018Q4I,219295000000.0,2019-03-28,3.0,False,
WMT,total_assets,2019,104169,,2020-01-31,ok,236495000000.0,Assets,0000104169-22-000012,2022-03-18,CY2019Q4I,236495000000.0,2020-03-20,3.0,False,
WMT,total_assets,2020,104169,,2021-01-31,ok,252496000000.0,Assets,0000104169-23-000020,2023-03-17,CY2020Q4I,252496000000.0,2021-03-19,3.0,False,
WMT,total_assets,2021,104169,,2022-01-31,ok,244860000000.0,Assets,0000104169-24-000056,2024-03-15,CY2021Q4I,244860000000.0,2022-03-18,3.0,False,
WMT,total_assets,2022,104169,,2023-01-31,ok,243197000000.0,Assets,0000104169-25-000021,2025-03-14,CY2022Q4I,243197000000.0,2023-03-17,3.0,False,
WMT,total_assets,2023,104169,,2024-01-31,ok,252399000000.0,Assets,0000104169-26-000055,2026-03-13,CY2023Q4I,252399000000.0,2024-03-15,3.0,False,
WMT,total_assets,2024,104169,,2025-01-31,ok,260823000000.0,Assets,0000104169-26-000055,2026-03-13,CY2024Q4I,260823000000.0,2025-03-14,2.0,False,
WMT,total_assets,2025,104169,,2026-01-31,ok,284668000000.0,Assets,0000104169-26-000055,2026-03-13,,284668000000.0,2026-03-13,1.0,False,
WMT,total_equity,2015,104169,,2016-01-31,ok,83611000000.0,StockholdersEquityIncludingPortionAttributableToNoncontrollingInterest,0000104169-19-000016,2019-03-28,CY2015Q4I,83611000000.0,2016-03-30,4.0,False,
WMT,total_equity,2016,104169,,2017-01-31,ok,80535000000.0,StockholdersEquityIncludingPortionAttributableToNoncontrollingInterest,0000104169-20-000011,2020-03-20,CY2016Q4I,80535000000.0,2017-03-31,4.0,False,
WMT,total_equity,2017,104169,,2018-01-31,ok,80822000000.0,StockholdersEquityIncludingPortionAttributableToNoncontrollingInterest,0000104169-21-000033,2021-03-19,CY2017Q4I,80822000000.0,2018-03-30,4.0,False,
WMT,total_equity,2018,104169,,2019-01-31,ok,79634000000.0,StockholdersEquityIncludingPortionAttributableToNoncontrollingInterest,0000104169-22-000012,2022-03-18,CY2018Q4I,79634000000.0,2019-03-28,4.0,False,
WMT,total_equity,2019,104169,,2020-01-31,ok,81552000000.0,StockholdersEquityIncludingPortionAttributableToNoncontrollingInterest,0000104169-23-000020,2023-03-17,CY2019Q4I,81552000000.0,2020-03-20,4.0,False,
WMT,total_equity,2020,104169,,2021-01-31,ok,87531000000.0,StockholdersEquityIncludingPortionAttributableToNoncontrollingInterest,0000104169-24-000056,2024-03-15,CY2020Q4I,87531000000.0,2021-03-19,4.0,False,
WMT,total_equity,2021,104169,,2022-01-31,ok,91891000000.0,StockholdersEquityIncludingPortionAttributableToNoncontrollingInterest,0000104169-25-000021,2025-03-14,CY2021Q4I,91891000000.0,2022-03-18,4.0,False,
WMT,total_equity,2022,104169,,2023-01-31,ok,83754000000.0,StockholdersEquityIncludingPortionAttributableToNoncontrollingInterest,0000104169-26-000055,2026-03-13,CY2022Q4I,83754000000.0,2023-03-17,4.0,False,
WMT,total_equity,2023,104169,,2024-01-31,ok,90349000000.0,StockholdersEquityIncludingPortionAttributableToNoncontrollingInterest,0000104169-26-000055,2026-03-13,CY2023Q4I,90349000000.0,2024-03-15,3.0,False,
WMT,total_equity,2024,104169,,2025-01-31,ok,97421000000.0,StockholdersEquityIncludingPortionAttributableToNoncontrollingInterest,0000104169-26-000055,2026-03-13,,97421000000.0,2025-03-14,2.0,False,
WMT,total_equity,2025,104169,,2026-01-31,ok,105887000000.0,StockholdersEquityIncludingPortionAttributableToNoncontrollingInterest,0000104169-26-000055,2026-03-13,,105887000000.0,2026-03-13,1.0,False,
